"","species","plot","endo_01","id","origin_01","dist_a","dist_b","birth","endo_status_from_check","year_t","size_t","flw_count_t","spike_a_t","spike_b_t","spike_c_t","spike_d_t","year_t1","surv_t1","size_t1","flw_count_t1","spike_a_t1","spike_b_t1","spike_c_t1","spike_d_t1","mean_spike_t","mean_spike_t1","age","max_birth","min_death","id_update"
"1","AGPE",111,1,"111_109a",1,2.989,1.961,2012,1,2012,4,0,NA,NA,NA,NA,2013,1,7,2,NA,NA,NA,NA,NA,NA,0,2017,2015,"111_109a"
"2","AGPE",111,1,"111_109a",1,2.989,1.961,2012,1,2013,7,2,NA,NA,NA,NA,2014,1,10,3,NA,NA,NA,NA,NA,NA,1,2017,2015,"111_109a"
"3","AGPE",111,1,"111_109a",1,2.989,1.961,2012,1,2014,10,3,NA,NA,NA,NA,2015,0,NA,NA,NA,NA,NA,NA,NA,NA,2,2017,2015,"111_109a"
"4","AGPE",111,1,"111_109b",1,2.989,1.961,2017,1,2016,NA,NA,NA,NA,NA,NA,2017,1,1,0,NA,NA,NA,NA,NA,NA,-1,2017,2015,"111_109b"
"5","FESU",127,1,"127_170a",1,2.599,1.933,2014,NA,2014,1,0,NA,NA,NA,NA,2015,1,1,0,NA,NA,NA,NA,NA,NA,0,2018,2017,"127_170a"
"6","FESU",127,1,"127_170a",1,2.599,1.933,2014,NA,2015,1,0,NA,NA,NA,NA,2016,1,1,0,NA,NA,NA,NA,NA,NA,1,2018,2017,"127_170a"
"7","FESU",127,1,"127_170a",1,2.599,1.933,2014,NA,2016,1,0,NA,NA,NA,NA,2017,0,NA,NA,NA,NA,NA,NA,NA,NA,2,2018,2017,"127_170a"
"8","FESU",127,1,"127_170b",1,2.599,1.933,2018,NA,2017,NA,NA,NA,NA,NA,NA,2018,1,1,0,NA,NA,NA,NA,NA,NA,-1,2018,2017,"127_170b"
"9","POSY",12,1,"12_23.5a",1,NA,NA,2009,NA,2009,1,0,NA,NA,NA,NA,2010,0,NA,NA,NA,NA,NA,NA,NA,NA,0,2014,2010,"12_23.5a"
"10","POSY",12,1,"12_23.5b",1,NA,NA,2014,NA,2014,1,0,NA,NA,NA,NA,2015,0,NA,NA,NA,NA,NA,NA,NA,NA,0,2014,2010,"12_23.5b"
"11","LOAR",36,0,"36_1a",1,NA,NA,2009,NA,2008,NA,NA,NA,NA,NA,NA,2009,1,1,0,NA,NA,NA,NA,NA,NA,-1,2019,2010,"36_1a"
"12","LOAR",36,0,"36_1a",1,NA,NA,2009,NA,2009,1,0,NA,NA,NA,NA,2010,0,NA,NA,NA,NA,NA,NA,NA,NA,0,2019,2010,"36_1a"
"13","AGPE",111,1,"111_109b",1,2.989,1.961,2017,1,2017,1,0,NA,NA,NA,NA,2018,0,NA,NA,NA,NA,NA,NA,NA,NA,0,2017,2015,"111_109b"
"14","FESU",127,1,"127_170b",1,2.599,1.933,2018,NA,2018,1,0,NA,NA,NA,NA,2019,0,NA,NA,NA,NA,NA,NA,NA,NA,0,2018,2017,"127_170b"
"15","LOAR",36,0,"36_1b",1,NA,NA,2019,NA,2018,NA,NA,NA,NA,NA,NA,2019,1,1,0,NA,NA,NA,NA,NA,NA,-1,2019,2010,"36_1b"
"16","ELRI",107,1,"107_H10",1,0.762,2.054,2017,NA,2016,NA,NA,NA,NA,NA,NA,2017,1,1,0,NA,NA,NA,NA,NA,NA,-1,2017,Inf,NA
"17","ELRI",107,1,"107_H10",1,0.762,2.054,2017,NA,2017,1,0,NA,NA,NA,NA,2018,1,1,0,NA,NA,NA,NA,NA,NA,1,2017,Inf,NA
"18","FESU",126,0,"126_325",1,1.817,0.722,2016,NA,2016,NA,NA,NA,NA,NA,NA,2017,1,1,0,NA,NA,NA,NA,NA,NA,-1,2018,2019,NA
"19","FESU",126,0,"126_325",1,1.817,0.722,2016,NA,2017,1,0,NA,NA,NA,NA,2018,1,1,0,NA,NA,NA,NA,NA,NA,0,2018,2019,NA
"20","FESU",130,1,"130_A1",1,NA,NA,2016,NA,2015,NA,NA,NA,NA,NA,NA,2016,1,1,0,NA,NA,NA,NA,NA,NA,-1,2017,2017,NA
"21","FESU",130,1,"130_A1",1,NA,NA,2016,NA,2016,1,0,NA,NA,NA,NA,2017,0,NA,NA,NA,NA,NA,NA,NA,NA,-1,2017,2017,NA
"22","FESU",126,0,"126_325",1,1.817,0.722,2016,NA,2016,1,0,NA,NA,NA,NA,2017,1,1,0,NA,NA,NA,NA,NA,NA,-1,2018,2019,NA
"23","FESU",126,0,"126_325",1,1.817,0.722,2016,NA,2017,1,0,NA,NA,NA,NA,2018,1,1,0,NA,NA,NA,NA,NA,NA,-1,2018,2019,NA
"24","POAL",3,1,"3_248",1,NA,NA,2012,NA,2012,2,0,NA,NA,NA,NA,2013,1,1,0,NA,NA,NA,NA,NA,NA,0,2013,2015,NA
"25","POAL",3,1,"3_248",1,NA,NA,2012,NA,2013,1,0,NA,NA,NA,NA,2014,1,1,0,NA,NA,NA,NA,NA,NA,1,2013,2015,NA
"26","POAL",3,1,"3_248",1,NA,NA,2012,NA,2014,1,0,NA,NA,NA,NA,2015,0,NA,NA,NA,NA,NA,NA,NA,NA,2,2013,2015,NA
"27","POAL",156,1,"156_22.5",1,NA,NA,2011,NA,2011,1,0,NA,NA,NA,NA,2012,0,NA,NA,NA,NA,NA,NA,NA,NA,0,2012,2012,NA
"28","POAL",156,1,"156_22.5",1,NA,NA,2011,NA,2012,1,0,NA,NA,NA,NA,2013,0,NA,NA,NA,NA,NA,NA,NA,NA,0,2012,2012,NA
"29","POSY",1,1,"1_375",1,3.718,3.538,2013,NA,2013,1,0,NA,NA,NA,NA,2014,1,1,0,NA,NA,NA,NA,NA,NA,0,2014,2018,NA
"30","POSY",1,1,"1_375",1,3.718,3.538,2013,NA,2014,1,0,NA,NA,NA,NA,2015,1,1,0,NA,NA,NA,NA,NA,NA,1,2014,2018,NA
"31","POSY",1,1,"1_375",1,3.718,3.538,2013,NA,2015,1,0,NA,NA,NA,NA,2016,1,5,0,NA,NA,NA,NA,NA,NA,2,2014,2018,NA
"32","POSY",1,1,"1_375",1,3.718,3.538,2013,NA,2016,5,0,NA,NA,NA,NA,2017,1,5,2,27,33,NA,NA,NA,30,2,2014,2018,NA
"33","POSY",1,1,"1_375",1,3.718,3.538,2013,NA,2017,5,2,27,33,NA,NA,2018,0,NA,NA,NA,NA,NA,NA,30,NA,3,2014,2018,NA
"34","POSY",1,1,"1_376",1,3.666,3.627,2013,NA,2013,1,0,NA,NA,NA,NA,2014,1,3,0,NA,NA,NA,NA,NA,NA,0,2014,2020,NA
"35","POSY",1,1,"1_376",1,3.666,3.627,2013,NA,2014,3,0,NA,NA,NA,NA,2015,1,7,1,16,NA,NA,NA,NA,16,1,2014,2020,NA
"36","POSY",1,1,"1_376",1,3.666,3.627,2013,NA,2015,7,1,16,NA,NA,NA,2016,1,6,1,32,NA,NA,NA,16,32,2,2014,2020,NA
"37","POSY",1,1,"1_376",1,3.666,3.627,2013,NA,2016,6,1,32,NA,NA,NA,2017,1,14,4,42,34,30,NA,32,35.3333333333333,2,2014,2020,NA
"38","POSY",1,1,"1_376",1,3.666,3.627,2013,NA,2017,14,4,42,34,30,NA,2018,1,2,0,NA,NA,NA,NA,35.3333333333333,NA,3,2014,2020,NA
"39","POSY",1,1,"1_377",1,3.615,3.566,2013,NA,2013,1,0,NA,NA,NA,NA,2014,1,4,0,NA,NA,NA,NA,NA,NA,0,2014,2019,NA
"40","POSY",1,1,"1_377",1,3.615,3.566,2013,NA,2014,4,0,NA,NA,NA,NA,2015,1,9,1,37,NA,NA,NA,NA,37,1,2014,2019,NA
"41","POSY",1,1,"1_377",1,3.615,3.566,2013,NA,2015,9,1,37,NA,NA,NA,2016,1,9,1,25,NA,NA,NA,37,25,2,2014,2019,NA
"42","POSY",1,1,"1_377",1,3.615,3.566,2013,NA,2016,9,1,25,NA,NA,NA,2017,1,4,0,NA,NA,NA,NA,25,NA,2,2014,2019,NA
"43","POSY",1,1,"1_377",1,3.615,3.566,2013,NA,2017,4,0,NA,NA,NA,NA,2018,1,1,0,NA,NA,NA,NA,NA,NA,3,2014,2019,NA
"44","POSY",1,1,"1_379",1,NA,NA,2013,NA,2013,1,0,NA,NA,NA,NA,2014,1,2,0,NA,NA,NA,NA,NA,NA,0,2014,2018,NA
"45","POSY",1,1,"1_379",1,NA,NA,2013,NA,2014,2,0,NA,NA,NA,NA,2015,1,5,0,NA,NA,NA,NA,NA,NA,1,2014,2018,NA
"46","POSY",1,1,"1_379",1,NA,NA,2013,NA,2015,5,0,NA,NA,NA,NA,2016,1,7,1,37,NA,NA,NA,NA,37,2,2014,2018,NA
"47","POSY",1,1,"1_379",1,NA,NA,2013,NA,2016,7,1,37,NA,NA,NA,2017,1,2,0,NA,NA,NA,NA,37,NA,2,2014,2018,NA
"48","POSY",1,1,"1_379",1,NA,NA,2013,NA,2017,2,0,NA,NA,NA,NA,2018,0,NA,NA,NA,NA,NA,NA,NA,NA,3,2014,2018,NA
"49","POSY",1,1,"1_380",1,3.547,3.541,2013,NA,2013,1,0,NA,NA,NA,NA,2014,1,2,0,NA,NA,NA,NA,NA,NA,0,2014,2019,NA
"50","POSY",1,1,"1_380",1,3.547,3.541,2013,NA,2014,2,0,NA,NA,NA,NA,2015,1,3,0,NA,NA,NA,NA,NA,NA,1,2014,2019,NA
"51","POSY",1,1,"1_380",1,3.547,3.541,2013,NA,2015,3,0,NA,NA,NA,NA,2016,1,9,2,24,36,NA,NA,NA,30,2,2014,2019,NA
"52","POSY",1,1,"1_380",1,3.547,3.541,2013,NA,2016,9,2,24,36,NA,NA,2017,1,3,0,NA,NA,NA,NA,30,NA,2,2014,2019,NA
"53","POSY",1,1,"1_380",1,3.547,3.541,2013,NA,2017,3,0,NA,NA,NA,NA,2018,1,1,0,NA,NA,NA,NA,NA,NA,3,2014,2019,NA
"54","POSY",1,1,"1_381",1,NA,NA,2013,NA,2013,1,0,NA,NA,NA,NA,2014,1,4,0,NA,NA,NA,NA,NA,NA,0,2014,2018,NA
"55","POSY",1,1,"1_381",1,NA,NA,2013,NA,2014,4,0,NA,NA,NA,NA,2015,1,8,1,78,NA,NA,NA,NA,78,1,2014,2018,NA
"56","POSY",1,1,"1_381",1,NA,NA,2013,NA,2015,8,1,78,NA,NA,NA,2016,1,17,2,28,47,NA,NA,78,37.5,2,2014,2018,NA
"57","POSY",1,1,"1_381",1,NA,NA,2013,NA,2016,17,2,28,47,NA,NA,2017,1,5,1,6,NA,NA,NA,37.5,6,2,2014,2018,NA
"58","POSY",1,1,"1_381",1,NA,NA,2013,NA,2017,5,1,6,NA,NA,NA,2018,0,NA,NA,NA,NA,NA,NA,6,NA,3,2014,2018,NA
"59","POSY",1,1,"1_382",1,NA,NA,2013,NA,2013,1,0,NA,NA,NA,NA,2014,1,1,0,NA,NA,NA,NA,NA,NA,0,2014,2018,NA
"60","POSY",1,1,"1_382",1,NA,NA,2013,NA,2014,1,0,NA,NA,NA,NA,2015,1,2,1,12,NA,NA,NA,NA,12,1,2014,2018,NA
"61","POSY",1,1,"1_382",1,NA,NA,2013,NA,2015,2,1,12,NA,NA,NA,2016,1,4,1,26,NA,NA,NA,12,26,2,2014,2018,NA
"62","POSY",1,1,"1_382",1,NA,NA,2013,NA,2016,4,1,26,NA,NA,NA,2017,1,5,0,NA,NA,NA,NA,26,NA,2,2014,2018,NA
"63","POSY",1,1,"1_382",1,NA,NA,2013,NA,2017,5,0,NA,NA,NA,NA,2018,0,NA,NA,NA,NA,NA,NA,NA,NA,3,2014,2018,NA
"64","POSY",1,1,"1_383",1,NA,NA,2013,NA,2013,1,0,NA,NA,NA,NA,2014,1,3,0,NA,NA,NA,NA,NA,NA,0,2014,2018,NA
"65","POSY",1,1,"1_383",1,NA,NA,2013,NA,2014,3,0,NA,NA,NA,NA,2015,1,5,1,21,NA,NA,NA,NA,21,1,2014,2018,NA
"66","POSY",1,1,"1_383",1,NA,NA,2013,NA,2015,5,1,21,NA,NA,NA,2016,1,9,2,32,35,NA,NA,21,33.5,2,2014,2018,NA
"67","POSY",1,1,"1_383",1,NA,NA,2013,NA,2016,9,2,32,35,NA,NA,2017,1,3,0,NA,NA,NA,NA,33.5,NA,2,2014,2018,NA
"68","POSY",1,1,"1_383",1,NA,NA,2013,NA,2017,3,0,NA,NA,NA,NA,2018,0,NA,NA,NA,NA,NA,NA,NA,NA,3,2014,2018,NA
"69","POSY",1,1,"1_384",1,NA,NA,2013,NA,2013,1,0,NA,NA,NA,NA,2014,1,1,0,NA,NA,NA,NA,NA,NA,0,2014,2017,NA
"70","POSY",1,1,"1_384",1,NA,NA,2013,NA,2014,1,0,NA,NA,NA,NA,2015,1,1,0,NA,NA,NA,NA,NA,NA,1,2014,2017,NA
"71","POSY",1,1,"1_384",1,NA,NA,2013,NA,2015,1,0,NA,NA,NA,NA,2016,1,13,1,29,NA,NA,NA,NA,29,2,2014,2017,NA
"72","POSY",1,1,"1_384",1,NA,NA,2013,NA,2016,13,1,29,NA,NA,NA,2017,0,NA,NA,NA,NA,NA,NA,29,NA,2,2014,2017,NA
"73","POSY",1,1,"1_385",1,2.371,3.315,2013,NA,2013,1,0,NA,NA,NA,NA,2014,1,1,0,NA,NA,NA,NA,NA,NA,0,2014,2019,NA
"74","POSY",1,1,"1_385",1,2.371,3.315,2013,NA,2014,1,0,NA,NA,NA,NA,2015,1,2,0,NA,NA,NA,NA,NA,NA,1,2014,2019,NA
"75","POSY",1,1,"1_385",1,2.371,3.315,2013,NA,2015,2,0,NA,NA,NA,NA,2016,1,8,2,34,58,NA,NA,NA,46,2,2014,2019,NA
"76","POSY",1,1,"1_385",1,2.371,3.315,2013,NA,2016,8,2,34,58,NA,NA,2017,1,2,0,NA,NA,NA,NA,46,NA,2,2014,2019,NA
"77","POSY",1,1,"1_385",1,2.371,3.315,2013,NA,2017,2,0,NA,NA,NA,NA,2018,1,1,0,NA,NA,NA,NA,NA,NA,3,2014,2019,NA
"78","POSY",1,1,"1_389",1,NA,NA,2013,NA,2013,1,0,NA,NA,NA,NA,2014,1,2,0,NA,NA,NA,NA,NA,NA,0,2014,2018,NA
"79","POSY",1,1,"1_389",1,NA,NA,2013,NA,2014,2,0,NA,NA,NA,NA,2015,1,4,0,NA,NA,NA,NA,NA,NA,1,2014,2018,NA
"80","POSY",1,1,"1_389",1,NA,NA,2013,NA,2015,4,0,NA,NA,NA,NA,2016,1,6,2,33,31,NA,NA,NA,32,2,2014,2018,NA
"81","POSY",1,1,"1_389",1,NA,NA,2013,NA,2016,6,2,33,31,NA,NA,2017,1,2,0,NA,NA,NA,NA,32,NA,2,2014,2018,NA
"82","POSY",1,1,"1_389",1,NA,NA,2013,NA,2017,2,0,NA,NA,NA,NA,2018,0,NA,NA,NA,NA,NA,NA,NA,NA,3,2014,2018,NA
"83","POSY",1,1,"1_390",1,NA,NA,2013,NA,2013,1,0,NA,NA,NA,NA,2014,1,1,0,NA,NA,NA,NA,NA,NA,0,2014,2018,NA
"84","POSY",1,1,"1_390",1,NA,NA,2013,NA,2014,1,0,NA,NA,NA,NA,2015,1,2,0,NA,NA,NA,NA,NA,NA,1,2014,2018,NA
"85","POSY",1,1,"1_390",1,NA,NA,2013,NA,2015,2,0,NA,NA,NA,NA,2016,1,3,1,67,NA,NA,NA,NA,67,2,2014,2018,NA
"86","POSY",1,1,"1_390",1,NA,NA,2013,NA,2016,3,1,67,NA,NA,NA,2017,1,5,2,33,20,NA,NA,67,26.5,2,2014,2018,NA
"87","POSY",1,1,"1_390",1,NA,NA,2013,NA,2017,5,2,33,20,NA,NA,2018,0,NA,NA,NA,NA,NA,NA,26.5,NA,3,2014,2018,NA
"88","POSY",1,1,"1_395",1,NA,NA,2013,NA,2013,1,0,NA,NA,NA,NA,2014,1,1,0,NA,NA,NA,NA,NA,NA,0,2014,2018,NA
"89","POSY",1,1,"1_395",1,NA,NA,2013,NA,2014,1,0,NA,NA,NA,NA,2015,1,2,0,NA,NA,NA,NA,NA,NA,1,2014,2018,NA
"90","POSY",1,1,"1_395",1,NA,NA,2013,NA,2015,2,0,NA,NA,NA,NA,2016,1,1,0,NA,NA,NA,NA,NA,NA,2,2014,2018,NA
"91","POSY",1,1,"1_395",1,NA,NA,2013,NA,2016,1,0,NA,NA,NA,NA,2017,1,2,1,39,NA,NA,NA,NA,39,2,2014,2018,NA
"92","POSY",1,1,"1_395",1,NA,NA,2013,NA,2017,2,1,39,NA,NA,NA,2018,0,NA,NA,NA,NA,NA,NA,39,NA,3,2014,2018,NA
"93","POSY",1,1,"1_397",1,NA,NA,2013,NA,2013,1,0,NA,NA,NA,NA,2014,1,2,0,NA,NA,NA,NA,NA,NA,0,2014,2018,NA
"94","POSY",1,1,"1_397",1,NA,NA,2013,NA,2014,2,0,NA,NA,NA,NA,2015,1,3,0,NA,NA,NA,NA,NA,NA,1,2014,2018,NA
"95","POSY",1,1,"1_397",1,NA,NA,2013,NA,2015,3,0,NA,NA,NA,NA,2016,1,1,0,NA,NA,NA,NA,NA,NA,2,2014,2018,NA
"96","POSY",1,1,"1_397",1,NA,NA,2013,NA,2016,1,0,NA,NA,NA,NA,2017,1,2,0,NA,NA,NA,NA,NA,NA,2,2014,2018,NA
"97","POSY",1,1,"1_397",1,NA,NA,2013,NA,2017,2,0,NA,NA,NA,NA,2018,0,NA,NA,NA,NA,NA,NA,NA,NA,3,2014,2018,NA
"98","POSY",1,1,"1_399",1,2.551,3.418,2013,NA,2013,1,0,NA,NA,NA,NA,2014,1,3,0,NA,NA,NA,NA,NA,NA,0,2014,2019,NA
"99","POSY",1,1,"1_399",1,2.551,3.418,2013,NA,2014,3,0,NA,NA,NA,NA,2015,1,5,0,NA,NA,NA,NA,NA,NA,1,2014,2019,NA
"100","POSY",1,1,"1_399",1,2.551,3.418,2013,NA,2015,5,0,NA,NA,NA,NA,2016,1,2,0,NA,NA,NA,NA,NA,NA,2,2014,2019,NA
"101","POSY",1,1,"1_399",1,2.551,3.418,2013,NA,2016,2,0,NA,NA,NA,NA,2017,1,3,1,18,NA,NA,NA,NA,18,2,2014,2019,NA
"102","POSY",1,1,"1_399",1,2.551,3.418,2013,NA,2017,3,1,18,NA,NA,NA,2018,1,1,0,NA,NA,NA,NA,18,NA,3,2014,2019,NA
"103","POSY",1,1,"1_516",1,NA,NA,2013,NA,2013,1,0,NA,NA,NA,NA,2014,1,16,0,NA,NA,NA,NA,NA,NA,0,2016,2018,NA
"104","POSY",1,1,"1_516",1,NA,NA,2013,NA,2014,16,0,NA,NA,NA,NA,2015,1,10,0,NA,NA,NA,NA,NA,NA,1,2016,2018,NA
"105","POSY",1,1,"1_516",1,NA,NA,2013,NA,2015,10,0,NA,NA,NA,NA,2016,1,13,4,24,46,29,NA,NA,33,2,2016,2018,NA
"106","POSY",1,1,"1_516",1,NA,NA,2013,NA,2016,13,4,24,46,29,NA,2017,1,13,4,54,43,28,NA,33,41.6666666666667,0,2016,2018,NA
"107","POSY",1,1,"1_516",1,NA,NA,2013,NA,2017,13,4,54,43,28,NA,2018,0,NA,NA,NA,NA,NA,NA,41.6666666666667,NA,1,2016,2018,NA
"108","POSY",1,1,"1_517",1,NA,NA,2013,NA,2013,1,0,NA,NA,NA,NA,2014,1,5,0,NA,NA,NA,NA,NA,NA,0,2016,2018,NA
"109","POSY",1,1,"1_517",1,NA,NA,2013,NA,2014,5,0,NA,NA,NA,NA,2015,1,10,0,NA,NA,NA,NA,NA,NA,1,2016,2018,NA
"110","POSY",1,1,"1_517",1,NA,NA,2013,NA,2015,10,0,NA,NA,NA,NA,2016,1,6,2,18,42,NA,NA,NA,30,2,2016,2018,NA
"111","POSY",1,1,"1_517",1,NA,NA,2013,NA,2016,6,2,18,42,NA,NA,2017,1,5,0,NA,NA,NA,NA,30,NA,0,2016,2018,NA
"112","POSY",1,1,"1_517",1,NA,NA,2013,NA,2017,5,0,NA,NA,NA,NA,2018,0,NA,NA,NA,NA,NA,NA,NA,NA,1,2016,2018,NA
"113","POSY",1,1,"1_518",1,NA,NA,2013,NA,2013,1,0,NA,NA,NA,NA,2014,1,5,0,NA,NA,NA,NA,NA,NA,0,2016,2018,NA
"114","POSY",1,1,"1_518",1,NA,NA,2013,NA,2014,5,0,NA,NA,NA,NA,2015,1,10,0,NA,NA,NA,NA,NA,NA,1,2016,2018,NA
"115","POSY",1,1,"1_518",1,NA,NA,2013,NA,2015,10,0,NA,NA,NA,NA,2016,1,9,2,38,22,NA,NA,NA,30,2,2016,2018,NA
"116","POSY",1,1,"1_518",1,NA,NA,2013,NA,2016,9,2,38,22,NA,NA,2017,1,7,1,45,NA,NA,NA,30,45,0,2016,2018,NA
"117","POSY",1,1,"1_518",1,NA,NA,2013,NA,2017,7,1,45,NA,NA,NA,2018,0,NA,NA,NA,NA,NA,NA,45,NA,1,2016,2018,NA
"118","POSY",1,1,"1_519",1,NA,NA,2013,NA,2013,1,0,NA,NA,NA,NA,2014,1,5,0,NA,NA,NA,NA,NA,NA,0,2016,2018,NA
"119","POSY",1,1,"1_519",1,NA,NA,2013,NA,2014,5,0,NA,NA,NA,NA,2015,1,10,0,NA,NA,NA,NA,NA,NA,1,2016,2018,NA
"120","POSY",1,1,"1_519",1,NA,NA,2013,NA,2015,10,0,NA,NA,NA,NA,2016,1,10,3,36,40,27,NA,NA,34.3333333333333,2,2016,2018,NA
"121","POSY",1,1,"1_519",1,NA,NA,2013,NA,2016,10,3,36,40,27,NA,2017,1,7,2,24,29,NA,NA,34.3333333333333,26.5,0,2016,2018,NA
"122","POSY",1,1,"1_519",1,NA,NA,2013,NA,2017,7,2,24,29,NA,NA,2018,0,NA,NA,NA,NA,NA,NA,26.5,NA,1,2016,2018,NA
"123","POSY",1,1,"1_520",1,NA,NA,2013,NA,2013,1,0,NA,NA,NA,NA,2014,1,5,0,NA,NA,NA,NA,NA,NA,0,2016,2018,NA
"124","POSY",1,1,"1_520",1,NA,NA,2013,NA,2014,5,0,NA,NA,NA,NA,2015,1,6,0,NA,NA,NA,NA,NA,NA,1,2016,2018,NA
"125","POSY",1,1,"1_520",1,NA,NA,2013,NA,2015,6,0,NA,NA,NA,NA,2016,1,7,2,35,33,NA,NA,NA,34,2,2016,2018,NA
"126","POSY",1,1,"1_520",1,NA,NA,2013,NA,2016,7,2,35,33,NA,NA,2017,1,9,4,47,38,32,NA,34,39,0,2016,2018,NA
"127","POSY",1,1,"1_520",1,NA,NA,2013,NA,2017,9,4,47,38,32,NA,2018,0,NA,NA,NA,NA,NA,NA,39,NA,1,2016,2018,NA
"128","POSY",1,1,"1_521",1,NA,NA,2013,NA,2013,1,0,NA,NA,NA,NA,2014,1,16,0,NA,NA,NA,NA,NA,NA,0,2016,2018,NA
"129","POSY",1,1,"1_521",1,NA,NA,2013,NA,2014,16,0,NA,NA,NA,NA,2015,1,10,0,NA,NA,NA,NA,NA,NA,1,2016,2018,NA
"130","POSY",1,1,"1_521",1,NA,NA,2013,NA,2015,10,0,NA,NA,NA,NA,2016,1,7,1,17,NA,NA,NA,NA,17,2,2016,2018,NA
"131","POSY",1,1,"1_521",1,NA,NA,2013,NA,2016,7,1,17,NA,NA,NA,2017,1,8,2,29,26,NA,NA,17,27.5,0,2016,2018,NA
"132","POSY",1,1,"1_521",1,NA,NA,2013,NA,2017,8,2,29,26,NA,NA,2018,0,NA,NA,NA,NA,NA,NA,27.5,NA,1,2016,2018,NA
"133","POSY",1,1,"1_522",1,NA,NA,2013,NA,2013,1,0,NA,NA,NA,NA,2014,1,16,0,NA,NA,NA,NA,NA,NA,0,2016,2018,NA
"134","POSY",1,1,"1_522",1,NA,NA,2013,NA,2014,16,0,NA,NA,NA,NA,2015,1,10,0,NA,NA,NA,NA,NA,NA,1,2016,2018,NA
"135","POSY",1,1,"1_522",1,NA,NA,2013,NA,2015,10,0,NA,NA,NA,NA,2016,1,8,2,21,24,NA,NA,NA,22.5,2,2016,2018,NA
"136","POSY",1,1,"1_522",1,NA,NA,2013,NA,2016,8,2,21,24,NA,NA,2017,1,6,0,NA,NA,NA,NA,22.5,NA,0,2016,2018,NA
"137","POSY",1,1,"1_522",1,NA,NA,2013,NA,2017,6,0,NA,NA,NA,NA,2018,0,NA,NA,NA,NA,NA,NA,NA,NA,1,2016,2018,NA
"138","POSY",1,1,"1_523",1,3.544,3.615,2013,NA,2013,1,0,NA,NA,NA,NA,2014,1,5,0,NA,NA,NA,NA,NA,NA,0,2016,2019,NA
"139","POSY",1,1,"1_523",1,3.544,3.615,2013,NA,2014,5,0,NA,NA,NA,NA,2015,1,10,0,NA,NA,NA,NA,NA,NA,1,2016,2019,NA
"140","POSY",1,1,"1_523",1,3.544,3.615,2013,NA,2015,10,0,NA,NA,NA,NA,2016,1,3,0,NA,NA,NA,NA,NA,NA,2,2016,2019,NA
"141","POSY",1,1,"1_523",1,3.544,3.615,2013,NA,2016,3,0,NA,NA,NA,NA,2017,1,5,2,44,39,NA,NA,NA,41.5,0,2016,2019,NA
"142","POSY",1,1,"1_523",1,3.544,3.615,2013,NA,2017,5,2,44,39,NA,NA,2018,1,1,0,NA,NA,NA,NA,41.5,NA,1,2016,2019,NA
"143","POSY",1,1,"1_524",1,3.612,3.628,2013,NA,2013,1,0,NA,NA,NA,NA,2014,1,5,0,NA,NA,NA,NA,NA,NA,0,2016,2019,NA
"144","POSY",1,1,"1_524",1,3.612,3.628,2013,NA,2014,5,0,NA,NA,NA,NA,2015,1,10,0,NA,NA,NA,NA,NA,NA,1,2016,2019,NA
"145","POSY",1,1,"1_524",1,3.612,3.628,2013,NA,2015,10,0,NA,NA,NA,NA,2016,1,4,0,NA,NA,NA,NA,NA,NA,2,2016,2019,NA
"146","POSY",1,1,"1_524",1,3.612,3.628,2013,NA,2016,4,0,NA,NA,NA,NA,2017,1,3,0,NA,NA,NA,NA,NA,NA,0,2016,2019,NA
"147","POSY",1,1,"1_524",1,3.612,3.628,2013,NA,2017,3,0,NA,NA,NA,NA,2018,1,1,0,NA,NA,NA,NA,NA,NA,1,2016,2019,NA
"148","POSY",1,1,"1_525",1,3.359,3.555,2013,NA,2013,1,0,NA,NA,NA,NA,2014,1,5,0,NA,NA,NA,NA,NA,NA,0,2016,2019,NA
"149","POSY",1,1,"1_525",1,3.359,3.555,2013,NA,2014,5,0,NA,NA,NA,NA,2015,1,10,0,NA,NA,NA,NA,NA,NA,1,2016,2019,NA
"150","POSY",1,1,"1_525",1,3.359,3.555,2013,NA,2015,10,0,NA,NA,NA,NA,2016,1,4,0,NA,NA,NA,NA,NA,NA,2,2016,2019,NA
"151","POSY",1,1,"1_525",1,3.359,3.555,2016,NA,2016,4,0,NA,NA,NA,NA,2017,1,6,1,17,NA,NA,NA,NA,17,0,2016,2019,NA
"152","POSY",1,1,"1_525",1,3.359,3.555,2016,NA,2017,6,1,17,NA,NA,NA,2018,1,5,2,26,46,NA,NA,17,36,1,2016,2019,NA
"153","POSY",1,1,"1_526",1,NA,NA,2013,NA,2013,1,0,NA,NA,NA,NA,2014,1,5,0,NA,NA,NA,NA,NA,NA,0,2016,2018,NA
"154","POSY",1,1,"1_526",1,NA,NA,2013,NA,2014,5,0,NA,NA,NA,NA,2015,1,5,0,NA,NA,NA,NA,NA,NA,1,2016,2018,NA
"155","POSY",1,1,"1_526",1,NA,NA,2013,NA,2015,5,0,NA,NA,NA,NA,2016,1,7,2,29,15,NA,NA,NA,22,2,2016,2018,NA
"156","POSY",1,1,"1_526",1,NA,NA,2013,NA,2016,7,2,29,15,NA,NA,2017,1,4,0,NA,NA,NA,NA,22,NA,0,2016,2018,NA
"157","POSY",1,1,"1_526",1,NA,NA,2013,NA,2017,4,0,NA,NA,NA,NA,2018,0,NA,NA,NA,NA,NA,NA,NA,NA,1,2016,2018,NA
"158","POSY",1,1,"1_527",1,NA,NA,2014,NA,2014,1,0,NA,NA,NA,NA,2015,1,2,0,NA,NA,NA,NA,NA,NA,0,2016,2018,NA
"159","POSY",1,1,"1_527",1,NA,NA,2014,NA,2015,2,0,NA,NA,NA,NA,2016,1,4,0,NA,NA,NA,NA,NA,NA,1,2016,2018,NA
"160","POSY",1,1,"1_527",1,NA,NA,2014,NA,2016,4,0,NA,NA,NA,NA,2017,1,2,0,NA,NA,NA,NA,NA,NA,0,2016,2018,NA
"161","POSY",1,1,"1_527",1,NA,NA,2014,NA,2017,2,0,NA,NA,NA,NA,2018,0,NA,NA,NA,NA,NA,NA,NA,NA,1,2016,2018,NA
"162","POSY",1,1,"1_534",1,NA,NA,2013,NA,2013,1,0,NA,NA,NA,NA,2014,1,2,0,NA,NA,NA,NA,NA,NA,0,2016,2017,NA
"163","POSY",1,1,"1_534",1,NA,NA,2013,NA,2014,2,0,NA,NA,NA,NA,2015,1,3,0,NA,NA,NA,NA,NA,NA,1,2016,2017,NA
"164","POSY",1,1,"1_534",1,NA,NA,2013,NA,2015,3,0,NA,NA,NA,NA,2016,1,4,1,21,NA,NA,NA,NA,21,2,2016,2017,NA
"165","POSY",1,1,"1_534",1,NA,NA,2013,NA,2016,4,1,21,NA,NA,NA,2017,0,NA,NA,NA,NA,NA,NA,21,NA,0,2016,2017,NA
"166","POSY",1,1,"1_535",1,NA,NA,2013,NA,2013,1,0,NA,NA,NA,NA,2014,1,2,0,NA,NA,NA,NA,NA,NA,0,2016,2017,NA
"167","POSY",1,1,"1_535",1,NA,NA,2013,NA,2014,2,0,NA,NA,NA,NA,2015,1,3,0,NA,NA,NA,NA,NA,NA,1,2016,2017,NA
"168","POSY",1,1,"1_535",1,NA,NA,2013,NA,2015,3,0,NA,NA,NA,NA,2016,1,4,0,NA,NA,NA,NA,NA,NA,2,2016,2017,NA
"169","POSY",1,1,"1_535",1,NA,NA,2013,NA,2016,4,0,NA,NA,NA,NA,2017,0,NA,NA,NA,NA,NA,NA,NA,NA,0,2016,2017,NA
"170","POSY",1,1,"1_536",1,NA,NA,2013,NA,2013,1,0,NA,NA,NA,NA,2014,1,2,0,NA,NA,NA,NA,NA,NA,0,2016,2017,NA
"171","POSY",1,1,"1_536",1,NA,NA,2013,NA,2014,2,0,NA,NA,NA,NA,2015,1,4,0,NA,NA,NA,NA,NA,NA,1,2016,2017,NA
"172","POSY",1,1,"1_536",1,NA,NA,2013,NA,2015,4,0,NA,NA,NA,NA,2016,1,7,2,28,26,NA,NA,NA,27,2,2016,2017,NA
"173","POSY",1,1,"1_536",1,NA,NA,2013,NA,2016,7,2,28,26,NA,NA,2017,0,NA,NA,NA,NA,NA,NA,27,NA,0,2016,2017,NA
"174","POSY",1,1,"1_537",1,NA,NA,2014,NA,2014,1,0,NA,NA,NA,NA,2015,1,2,0,NA,NA,NA,NA,NA,NA,0,2016,2017,NA
"175","POSY",1,1,"1_537",1,NA,NA,2014,NA,2015,2,0,NA,NA,NA,NA,2016,1,3,0,NA,NA,NA,NA,NA,NA,1,2016,2017,NA
"176","POSY",1,1,"1_537",1,NA,NA,2014,NA,2016,3,0,NA,NA,NA,NA,2017,0,NA,NA,NA,NA,NA,NA,NA,NA,0,2016,2017,NA
"177","POSY",1,1,"1_538",1,NA,NA,2014,NA,2014,1,0,NA,NA,NA,NA,2015,1,2,0,NA,NA,NA,NA,NA,NA,0,2016,2018,NA
"178","POSY",1,1,"1_538",1,NA,NA,2014,NA,2015,2,0,NA,NA,NA,NA,2016,1,3,0,NA,NA,NA,NA,NA,NA,1,2016,2018,NA
"179","POSY",1,1,"1_538",1,NA,NA,2014,NA,2016,3,0,NA,NA,NA,NA,2017,1,4,1,10,NA,NA,NA,NA,10,0,2016,2018,NA
"180","POSY",1,1,"1_538",1,NA,NA,2014,NA,2017,4,1,10,NA,NA,NA,2018,0,NA,NA,NA,NA,NA,NA,10,NA,1,2016,2018,NA
"181","POSY",1,1,"1_539",1,NA,NA,2014,NA,2014,1,0,NA,NA,NA,NA,2015,1,2,0,NA,NA,NA,NA,NA,NA,0,2016,2018,NA
"182","POSY",1,1,"1_539",1,NA,NA,2014,NA,2015,2,0,NA,NA,NA,NA,2016,1,3,0,NA,NA,NA,NA,NA,NA,1,2016,2018,NA
"183","POSY",1,1,"1_539",1,NA,NA,2014,NA,2016,3,0,NA,NA,NA,NA,2017,1,3,0,NA,NA,NA,NA,NA,NA,0,2016,2018,NA
"184","POSY",1,1,"1_539",1,NA,NA,2014,NA,2017,3,0,NA,NA,NA,NA,2018,0,NA,NA,NA,NA,NA,NA,NA,NA,1,2016,2018,NA
"185","POSY",1,1,"1_540",1,3.133,3.53,2014,NA,2014,1,0,NA,NA,NA,NA,2015,1,1,0,NA,NA,NA,NA,NA,NA,0,2016,Inf,NA
"186","POSY",1,1,"1_540",1,3.133,3.53,2014,NA,2015,1,0,NA,NA,NA,NA,2016,1,2,0,NA,NA,NA,NA,NA,NA,1,2016,Inf,NA
"187","POSY",1,1,"1_540",1,3.133,3.53,2014,NA,2016,2,0,NA,NA,NA,NA,2017,1,4,0,NA,NA,NA,NA,NA,NA,0,2016,Inf,NA
"188","POSY",1,1,"1_540",1,3.133,3.53,2014,NA,2017,4,0,NA,NA,NA,NA,2018,1,2,0,NA,NA,NA,NA,NA,NA,1,2016,Inf,NA
"189","POSY",1,1,"1_541",1,NA,NA,2014,NA,2014,1,0,NA,NA,NA,NA,2015,1,1,0,NA,NA,NA,NA,NA,NA,0,2016,2017,NA
"190","POSY",1,1,"1_541",1,NA,NA,2014,NA,2015,1,0,NA,NA,NA,NA,2016,1,2,0,NA,NA,NA,NA,NA,NA,1,2016,2017,NA
"191","POSY",1,1,"1_541",1,NA,NA,2014,NA,2016,2,0,NA,NA,NA,NA,2017,0,NA,NA,NA,NA,NA,NA,NA,NA,0,2016,2017,NA
"192","POSY",1,1,"1_542",1,NA,NA,2014,NA,2014,1,0,NA,NA,NA,NA,2015,1,2,0,NA,NA,NA,NA,NA,NA,0,2016,2017,NA
"193","POSY",1,1,"1_542",1,NA,NA,2014,NA,2015,2,0,NA,NA,NA,NA,2016,1,3,0,NA,NA,NA,NA,NA,NA,1,2016,2017,NA
"194","POSY",1,1,"1_542",1,NA,NA,2014,NA,2016,3,0,NA,NA,NA,NA,2017,0,NA,NA,NA,NA,NA,NA,NA,NA,0,2016,2017,NA
"195","POSY",2,0,"2_11",1,NA,NA,2009,NA,2009,1,0,NA,NA,NA,NA,2010,1,1,0,NA,NA,NA,NA,NA,NA,0,2009,2013,NA
"196","POSY",2,0,"2_11",1,NA,NA,2009,NA,2010,1,0,NA,NA,NA,NA,2011,1,4,0,NA,NA,NA,NA,NA,NA,1,2009,2013,NA
"197","POSY",2,0,"2_11",1,NA,NA,2009,NA,2011,4,0,NA,NA,NA,NA,2012,1,4,1,48,NA,NA,NA,NA,48,2,2009,2013,NA
"198","POSY",2,0,"2_11",1,NA,NA,2009,NA,2012,4,1,48,NA,NA,NA,2013,0,NA,NA,NA,NA,NA,NA,48,NA,3,2009,2013,NA
"199","POSY",2,0,"2_74b",1,1.598,1.932,2015,NA,2014,NA,NA,NA,NA,NA,NA,2015,1,1,0,NA,NA,NA,NA,NA,NA,0,2014,2019,NA
"200","POSY",2,0,"2_74b",1,1.598,1.932,2015,NA,2015,1,0,NA,NA,NA,NA,2016,1,2,0,NA,NA,NA,NA,NA,NA,1,2014,2019,NA
"201","POSY",2,0,"2_74b",1,1.598,1.932,2015,NA,2016,2,0,NA,NA,NA,NA,2017,1,4,0,NA,NA,NA,NA,NA,NA,2,2014,2019,NA
"202","POSY",2,0,"2_74b",1,1.598,1.932,2015,NA,2017,4,0,NA,NA,NA,NA,2018,1,9,2,18,41,NA,NA,NA,29.5,4,2014,2019,NA
"203","POSY",2,0,"2_98",1,2.685,3.027,2013,NA,2013,1,0,NA,NA,NA,NA,2014,1,9,0,NA,NA,NA,NA,NA,NA,0,2014,2020,NA
"204","POSY",2,0,"2_98",1,2.685,3.027,2013,NA,2014,9,0,NA,NA,NA,NA,2015,1,20,1,42,NA,NA,NA,NA,42,1,2014,2020,NA
"205","POSY",2,0,"2_98",1,2.685,3.027,2013,NA,2015,20,1,42,NA,NA,NA,2016,1,22,4,66,60,43,NA,42,56.3333333333333,2,2014,2020,NA
"206","POSY",2,0,"2_98",1,2.685,3.027,2013,NA,2016,22,4,66,60,43,NA,2017,1,24,8,26,36,25,NA,56.3333333333333,29,2,2014,2020,NA
"207","POSY",2,0,"2_98",1,2.685,3.027,2013,NA,2017,24,8,26,36,25,NA,2018,1,5,0,NA,NA,NA,NA,29,NA,3,2014,2020,NA
"208","POSY",5,1,"5_501",1,2.589,0.745,2013,NA,2013,1,0,NA,NA,NA,NA,2014,1,5,0,NA,NA,NA,NA,NA,NA,0,2014,2019,NA
"209","POSY",5,1,"5_501",1,2.589,0.745,2013,NA,2014,5,0,NA,NA,NA,NA,2015,1,7,0,NA,NA,NA,NA,NA,NA,1,2014,2019,NA
"210","POSY",5,1,"5_501",1,2.589,0.745,2013,NA,2015,7,0,NA,NA,NA,NA,2016,1,3,1,116,NA,NA,NA,NA,116,2,2014,2019,NA
"211","POSY",5,1,"5_501",1,2.589,0.745,2013,NA,2016,3,1,116,NA,NA,NA,2017,1,1,0,NA,NA,NA,NA,116,NA,2,2014,2019,NA
"212","POSY",5,1,"5_501",1,2.589,0.745,2013,NA,2017,1,0,NA,NA,NA,NA,2018,1,8,2,67,70,NA,NA,NA,68.5,3,2014,2019,NA
"213","POSY",5,1,"5_576",1,1.14,2.351,2013,NA,2013,1,0,NA,NA,NA,NA,2014,1,3,0,NA,NA,NA,NA,NA,NA,0,2014,2019,NA
"214","POSY",5,1,"5_576",1,1.14,2.351,2013,NA,2014,3,0,NA,NA,NA,NA,2015,1,7,0,NA,NA,NA,NA,NA,NA,1,2014,2019,NA
"215","POSY",5,1,"5_576",1,1.14,2.351,2013,NA,2015,7,0,NA,NA,NA,NA,2016,1,5,2,24,82,NA,NA,NA,53,2,2014,2019,NA
"216","POSY",5,1,"5_576",1,1.14,2.351,2013,NA,2016,5,2,24,82,NA,NA,2017,1,10,1,37,NA,NA,NA,53,37,2,2014,2019,NA
"217","POSY",5,1,"5_576",1,1.14,2.351,2013,NA,2017,10,1,37,NA,NA,NA,2018,1,1,0,NA,NA,NA,NA,37,NA,3,2014,2019,NA
"218","POSY",5,1,"5_578",1,NA,NA,2013,NA,2013,1,0,NA,NA,NA,NA,2014,1,3,0,NA,NA,NA,NA,NA,NA,0,2014,2017,NA
"219","POSY",5,1,"5_578",1,NA,NA,2013,NA,2014,3,0,NA,NA,NA,NA,2015,1,12,0,NA,NA,NA,NA,NA,NA,1,2014,2017,NA
"220","POSY",5,1,"5_578",1,NA,NA,2013,NA,2015,12,0,NA,NA,NA,NA,2016,1,17,5,51,90,77,NA,NA,72.6666666666667,2,2014,2017,NA
"221","POSY",5,1,"5_578",1,NA,NA,2013,NA,2016,17,5,51,90,77,NA,2017,0,NA,NA,NA,NA,NA,NA,72.6666666666667,NA,2,2014,2017,NA
"222","POSY",5,1,"5_579",1,NA,NA,2013,NA,2013,1,0,NA,NA,NA,NA,2014,1,3,0,NA,NA,NA,NA,NA,NA,0,2014,2017,NA
"223","POSY",5,1,"5_579",1,NA,NA,2013,NA,2014,3,0,NA,NA,NA,NA,2015,1,5,0,NA,NA,NA,NA,NA,NA,1,2014,2017,NA
"224","POSY",5,1,"5_579",1,NA,NA,2013,NA,2015,5,0,NA,NA,NA,NA,2016,1,6,3,69,19,88,NA,NA,58.6666666666667,2,2014,2017,NA
"225","POSY",5,1,"5_579",1,NA,NA,2013,NA,2016,6,3,69,19,88,NA,2017,0,NA,NA,NA,NA,NA,NA,58.6666666666667,NA,2,2014,2017,NA
"226","POSY",5,1,"5_580",1,1.251,2.235,2013,NA,2013,1,0,NA,NA,NA,NA,2014,1,3,0,NA,NA,NA,NA,NA,NA,0,2014,2019,NA
"227","POSY",5,1,"5_580",1,1.251,2.235,2013,NA,2014,3,0,NA,NA,NA,NA,2015,1,3,0,NA,NA,NA,NA,NA,NA,1,2014,2019,NA
"228","POSY",5,1,"5_580",1,1.251,2.235,2013,NA,2015,3,0,NA,NA,NA,NA,2016,1,2,1,24,NA,NA,NA,NA,24,2,2014,2019,NA
"229","POSY",5,1,"5_580",1,1.251,2.235,2013,NA,2016,2,1,24,NA,NA,NA,2017,1,4,1,53,NA,NA,NA,24,53,2,2014,2019,NA
"230","POSY",5,1,"5_580",1,1.251,2.235,2013,NA,2017,4,1,53,NA,NA,NA,2018,1,2,0,NA,NA,NA,NA,53,NA,3,2014,2019,NA
"231","POSY",5,1,"5_582",1,1.433,2.727,2013,NA,2013,1,0,NA,NA,NA,NA,2014,1,3,0,NA,NA,NA,NA,NA,NA,0,2014,2019,NA
"232","POSY",5,1,"5_582",1,1.433,2.727,2013,NA,2014,3,0,NA,NA,NA,NA,2015,1,6,0,NA,NA,NA,NA,NA,NA,1,2014,2019,NA
"233","POSY",5,1,"5_582",1,1.433,2.727,2013,NA,2015,6,0,NA,NA,NA,NA,2016,1,8,3,55,89,107,NA,NA,83.6666666666667,2,2014,2019,NA
"234","POSY",5,1,"5_582",1,1.433,2.727,2013,NA,2016,8,3,55,89,107,NA,2017,1,1,0,NA,NA,NA,NA,83.6666666666667,NA,2,2014,2019,NA
"235","POSY",5,1,"5_582",1,1.433,2.727,2013,NA,2017,1,0,NA,NA,NA,NA,2018,1,3,0,NA,NA,NA,NA,NA,NA,3,2014,2019,NA
"236","POSY",5,1,"5_583",1,1.302,2.482,2013,NA,2013,1,0,NA,NA,NA,NA,2014,1,3,0,NA,NA,NA,NA,NA,NA,0,2014,2019,NA
"237","POSY",5,1,"5_583",1,1.302,2.482,2013,NA,2014,3,0,NA,NA,NA,NA,2015,1,21,3,33,28,25,NA,NA,28.6666666666667,1,2014,2019,NA
"238","POSY",5,1,"5_583",1,1.302,2.482,2013,NA,2015,21,3,33,28,25,NA,2016,1,5,1,62,NA,NA,NA,28.6666666666667,62,2,2014,2019,NA
"239","POSY",5,1,"5_583",1,1.302,2.482,2013,NA,2016,5,1,62,NA,NA,NA,2017,1,6,0,NA,NA,NA,NA,62,NA,2,2014,2019,NA
"240","POSY",5,1,"5_583",1,1.302,2.482,2013,NA,2017,6,0,NA,NA,NA,NA,2018,1,3,0,NA,NA,NA,NA,NA,NA,3,2014,2019,NA
"241","POSY",5,1,"5_629",1,NA,NA,2014,NA,2014,1,0,NA,NA,NA,NA,2015,1,3,0,NA,NA,NA,NA,NA,NA,0,2016,2018,NA
"242","POSY",5,1,"5_629",1,NA,NA,2014,NA,2015,3,0,NA,NA,NA,NA,2016,1,3,0,NA,NA,NA,NA,NA,NA,1,2016,2018,NA
"243","POSY",5,1,"5_629",1,NA,NA,2014,NA,2016,3,0,NA,NA,NA,NA,2017,1,4,3,17,12,35,NA,NA,21.3333333333333,0,2016,2018,NA
"244","POSY",5,1,"5_629",1,NA,NA,2014,NA,2017,4,3,17,12,35,NA,2018,0,NA,NA,NA,NA,NA,NA,21.3333333333333,NA,1,2016,2018,NA
"245","POSY",5,1,"5_630",1,1.535,1.965,2014,NA,2014,1,0,NA,NA,NA,NA,2015,1,3,0,NA,NA,NA,NA,NA,NA,0,2016,2019,NA
"246","POSY",5,1,"5_630",1,1.535,1.965,2014,NA,2015,3,0,NA,NA,NA,NA,2016,1,5,2,44,21,NA,NA,NA,32.5,1,2016,2019,NA
"247","POSY",5,1,"5_630",1,1.535,1.965,2014,NA,2016,5,2,44,21,NA,NA,2017,1,7,2,26,38,NA,NA,32.5,32,0,2016,2019,NA
"248","POSY",5,1,"5_630",1,1.535,1.965,2014,NA,2017,7,2,26,38,NA,NA,2018,1,3,0,NA,NA,NA,NA,32,NA,1,2016,2019,NA
"249","POSY",5,1,"5_631",1,1.545,2.027,2014,NA,2014,1,0,NA,NA,NA,NA,2015,1,3,0,NA,NA,NA,NA,NA,NA,0,2016,2020,NA
"250","POSY",5,1,"5_631",1,1.545,2.027,2014,NA,2015,3,0,NA,NA,NA,NA,2016,1,5,1,92,NA,NA,NA,NA,92,1,2016,2020,NA
"251","POSY",5,1,"5_631",1,1.545,2.027,2014,NA,2016,5,1,92,NA,NA,NA,2017,1,9,2,24,30,NA,NA,92,27,0,2016,2020,NA
"252","POSY",5,1,"5_631",1,1.545,2.027,2014,NA,2017,9,2,24,30,NA,NA,2018,1,2,0,NA,NA,NA,NA,27,NA,1,2016,2020,NA
"253","POSY",5,1,"5_632",1,NA,NA,2014,NA,2014,1,0,NA,NA,NA,NA,2015,1,3,0,NA,NA,NA,NA,NA,NA,0,2016,2017,NA
"254","POSY",5,1,"5_632",1,NA,NA,2014,NA,2015,3,0,NA,NA,NA,NA,2016,1,6,3,38,33,89,NA,NA,53.3333333333333,1,2016,2017,NA
"255","POSY",5,1,"5_632",1,NA,NA,2014,NA,2016,6,3,38,33,89,NA,2017,0,NA,NA,NA,NA,NA,NA,53.3333333333333,NA,0,2016,2017,NA
"256","POSY",5,1,"5_633",1,1.525,2.04,2014,NA,2014,1,0,NA,NA,NA,NA,2015,1,3,0,NA,NA,NA,NA,NA,NA,0,2016,2019,NA
"257","POSY",5,1,"5_633",1,1.525,2.04,2014,NA,2015,3,0,NA,NA,NA,NA,2016,1,5,2,58,102,NA,NA,NA,80,1,2016,2019,NA
"258","POSY",5,1,"5_633",1,1.525,2.04,2014,NA,2016,5,2,58,102,NA,NA,2017,1,11,2,21,25,NA,NA,80,23,0,2016,2019,NA
"259","POSY",5,1,"5_633",1,1.525,2.04,2014,NA,2017,11,2,21,25,NA,NA,2018,1,6,0,NA,NA,NA,NA,23,NA,1,2016,2019,NA
"260","POSY",5,1,"5_634",1,NA,NA,2014,NA,2014,1,0,NA,NA,NA,NA,2015,1,3,0,NA,NA,NA,NA,NA,NA,0,2016,2018,NA
"261","POSY",5,1,"5_634",1,NA,NA,2014,NA,2015,3,0,NA,NA,NA,NA,2016,1,6,0,NA,NA,NA,NA,NA,NA,1,2016,2018,NA
"262","POSY",5,1,"5_634",1,NA,NA,2016,NA,2016,6,0,NA,NA,NA,NA,2017,1,8,2,26,62,NA,NA,NA,44,0,2016,2018,NA
"263","POSY",5,1,"5_634",1,NA,NA,2016,NA,2017,8,2,26,62,NA,NA,2018,0,NA,NA,NA,NA,NA,NA,44,NA,1,2016,2018,NA
"264","POSY",5,1,"5_635",1,NA,NA,2014,NA,2014,1,0,NA,NA,NA,NA,2015,1,3,0,NA,NA,NA,NA,NA,NA,0,2016,2018,NA
"265","POSY",5,1,"5_635",1,NA,NA,2014,NA,2015,3,0,NA,NA,NA,NA,2016,1,7,1,65,NA,NA,NA,NA,65,1,2016,2018,NA
"266","POSY",5,1,"5_635",1,NA,NA,2016,NA,2016,7,1,65,NA,NA,NA,2017,1,5,0,NA,NA,NA,NA,65,NA,0,2016,2018,NA
"267","POSY",5,1,"5_635",1,NA,NA,2016,NA,2017,5,0,NA,NA,NA,NA,2018,0,NA,NA,NA,NA,NA,NA,NA,NA,1,2016,2018,NA
"268","POSY",5,1,"5_636",1,1.9,2.134,2014,NA,2014,1,0,NA,NA,NA,NA,2015,1,3,0,NA,NA,NA,NA,NA,NA,0,2016,2019,NA
"269","POSY",5,1,"5_636",1,1.9,2.134,2014,NA,2015,3,0,NA,NA,NA,NA,2016,1,5,0,NA,NA,NA,NA,NA,NA,1,2016,2019,NA
"270","POSY",5,1,"5_636",1,1.9,2.134,2014,NA,2016,5,0,NA,NA,NA,NA,2017,1,7,2,14,32,NA,NA,NA,23,0,2016,2019,NA
"271","POSY",5,1,"5_636",1,1.9,2.134,2014,NA,2017,7,2,14,32,NA,NA,2018,1,3,0,NA,NA,NA,NA,23,NA,1,2016,2019,NA
"272","POSY",5,1,"5_637",1,1.878,2.099,2014,NA,2014,1,0,NA,NA,NA,NA,2015,1,3,0,NA,NA,NA,NA,NA,NA,0,2016,2019,NA
"273","POSY",5,1,"5_637",1,1.878,2.099,2014,NA,2015,3,0,NA,NA,NA,NA,2016,1,8,1,58,NA,NA,NA,NA,58,1,2016,2019,NA
"274","POSY",5,1,"5_637",1,1.878,2.099,2014,NA,2016,8,1,58,NA,NA,NA,2017,1,9,3,44,49,39,NA,58,44,0,2016,2019,NA
"275","POSY",5,1,"5_637",1,1.878,2.099,2014,NA,2017,9,3,44,49,39,NA,2018,1,3,0,NA,NA,NA,NA,44,NA,1,2016,2019,NA
"276","POSY",5,1,"5_638",1,1.819,2.1,2014,NA,2014,1,0,NA,NA,NA,NA,2015,1,3,0,NA,NA,NA,NA,NA,NA,0,2016,2019,NA
"277","POSY",5,1,"5_638",1,1.819,2.1,2014,NA,2015,3,0,NA,NA,NA,NA,2016,1,8,6,44,62,72,NA,NA,59.3333333333333,1,2016,2019,NA
"278","POSY",5,1,"5_638",1,1.819,2.1,2014,NA,2016,8,6,44,62,72,NA,2017,1,8,2,16,36,NA,NA,59.3333333333333,26,0,2016,2019,NA
"279","POSY",5,1,"5_638",1,1.819,2.1,2014,NA,2017,8,2,16,36,NA,NA,2018,1,2,0,NA,NA,NA,NA,26,NA,1,2016,2019,NA
"280","POSY",5,1,"5_639",1,NA,NA,2014,NA,2014,1,0,NA,NA,NA,NA,2015,1,3,0,NA,NA,NA,NA,NA,NA,0,2016,2017,NA
"281","POSY",5,1,"5_639",1,NA,NA,2014,NA,2015,3,0,NA,NA,NA,NA,2016,1,9,3,34,80,48,NA,NA,54,1,2016,2017,NA
"282","POSY",5,1,"5_639",1,NA,NA,2014,NA,2016,9,3,34,80,48,NA,2017,0,NA,NA,NA,NA,NA,NA,54,NA,0,2016,2017,NA
"283","POSY",5,1,"5_640",1,1.882,2.177,2014,NA,2014,1,0,NA,NA,NA,NA,2015,1,3,0,NA,NA,NA,NA,NA,NA,0,2016,2019,NA
"284","POSY",5,1,"5_640",1,1.882,2.177,2014,NA,2015,3,0,NA,NA,NA,NA,2016,1,6,2,36,86,NA,NA,NA,61,1,2016,2019,NA
"285","POSY",5,1,"5_640",1,1.882,2.177,2014,NA,2016,6,2,36,86,NA,NA,2017,1,3,1,27,NA,NA,NA,61,27,0,2016,2019,NA
"286","POSY",5,1,"5_640",1,1.882,2.177,2014,NA,2017,3,1,27,NA,NA,NA,2018,1,1,0,NA,NA,NA,NA,27,NA,1,2016,2019,NA
"287","POSY",5,1,"5_641",1,1.254,2.449,2014,NA,2013,1,0,NA,NA,NA,NA,2014,1,3,0,NA,NA,NA,NA,NA,NA,0,2016,2019,NA
"288","POSY",5,1,"5_641",1,1.254,2.449,2014,NA,2014,3,0,NA,NA,NA,NA,2015,1,7,0,NA,NA,NA,NA,NA,NA,1,2016,2019,NA
"289","POSY",5,1,"5_641",1,1.254,2.449,2014,NA,2015,7,0,NA,NA,NA,NA,2016,1,3,0,NA,NA,NA,NA,NA,NA,2,2016,2019,NA
"290","POSY",5,1,"5_641",1,1.254,2.449,2014,NA,2016,3,0,NA,NA,NA,NA,2017,1,8,2,55,68,NA,NA,NA,61.5,0,2016,2019,NA
"291","POSY",5,1,"5_641",1,1.254,2.449,2014,NA,2017,8,2,55,68,NA,NA,2018,1,1,0,NA,NA,NA,NA,61.5,NA,1,2016,2019,NA
"292","POSY",5,1,"5_642",1,1.182,2.418,2013,NA,2013,1,0,NA,NA,NA,NA,2014,1,3,0,NA,NA,NA,NA,NA,NA,0,2016,2019,NA
"293","POSY",5,1,"5_642",1,1.182,2.418,2013,NA,2014,3,0,NA,NA,NA,NA,2015,1,7,0,NA,NA,NA,NA,NA,NA,1,2016,2019,NA
"294","POSY",5,1,"5_642",1,1.182,2.418,2013,NA,2015,7,0,NA,NA,NA,NA,2016,1,2,0,NA,NA,NA,NA,NA,NA,2,2016,2019,NA
"295","POSY",5,1,"5_642",1,1.182,2.418,2013,NA,2016,2,0,NA,NA,NA,NA,2017,1,5,1,40,NA,NA,NA,NA,40,0,2016,2019,NA
"296","POSY",5,1,"5_642",1,1.182,2.418,2013,NA,2017,5,1,40,NA,NA,NA,2018,1,3,0,NA,NA,NA,NA,40,NA,1,2016,2019,NA
"297","POSY",5,1,"5_643",1,NA,NA,2013,NA,2013,1,0,NA,NA,NA,NA,2014,1,4,0,NA,NA,NA,NA,NA,NA,0,2016,2018,NA
"298","POSY",5,1,"5_643",1,NA,NA,2013,NA,2014,4,0,NA,NA,NA,NA,2015,1,13,0,NA,NA,NA,NA,NA,NA,1,2016,2018,NA
"299","POSY",5,1,"5_643",1,NA,NA,2013,NA,2015,13,0,NA,NA,NA,NA,2016,1,3,1,28,NA,NA,NA,NA,28,2,2016,2018,NA
"300","POSY",5,1,"5_643",1,NA,NA,2013,NA,2016,3,1,28,NA,NA,NA,2017,1,5,1,29,NA,NA,NA,28,29,0,2016,2018,NA
"301","POSY",5,1,"5_643",1,NA,NA,2013,NA,2017,5,1,29,NA,NA,NA,2018,0,NA,NA,NA,NA,NA,NA,29,NA,1,2016,2018,NA
"302","POSY",5,1,"5_644",1,NA,NA,2013,NA,2013,1,0,NA,NA,NA,NA,2014,1,3,0,NA,NA,NA,NA,NA,NA,0,2016,2017,NA
"303","POSY",5,1,"5_644",1,NA,NA,2013,NA,2014,3,0,NA,NA,NA,NA,2015,1,7,0,NA,NA,NA,NA,NA,NA,1,2016,2017,NA
"304","POSY",5,1,"5_644",1,NA,NA,2013,NA,2015,7,0,NA,NA,NA,NA,2016,1,5,0,NA,NA,NA,NA,NA,NA,2,2016,2017,NA
"305","POSY",5,1,"5_644",1,NA,NA,2013,NA,2016,5,0,NA,NA,NA,NA,2017,0,NA,NA,NA,NA,NA,NA,NA,NA,0,2016,2017,NA
"306","POSY",5,1,"5_645",1,1.127,2.315,2013,NA,2013,1,0,NA,NA,NA,NA,2014,1,4,0,NA,NA,NA,NA,NA,NA,0,2016,2019,NA
"307","POSY",5,1,"5_645",1,1.127,2.315,2013,NA,2014,4,0,NA,NA,NA,NA,2015,1,13,0,NA,NA,NA,NA,NA,NA,1,2016,2019,NA
"308","POSY",5,1,"5_645",1,1.127,2.315,2013,NA,2015,13,0,NA,NA,NA,NA,2016,1,3,1,77,NA,NA,NA,NA,77,2,2016,2019,NA
"309","POSY",5,1,"5_645",1,1.127,2.315,2013,NA,2016,3,1,77,NA,NA,NA,2017,1,5,1,47,NA,NA,NA,77,47,0,2016,2019,NA
"310","POSY",5,1,"5_645",1,1.127,2.315,2013,NA,2017,5,1,47,NA,NA,NA,2018,1,2,0,NA,NA,NA,NA,47,NA,1,2016,2019,NA
"311","POSY",5,1,"5_646",1,1.14,2.285,2013,NA,2013,1,0,NA,NA,NA,NA,2014,1,4,0,NA,NA,NA,NA,NA,NA,0,2016,2019,NA
"312","POSY",5,1,"5_646",1,1.14,2.285,2013,NA,2014,4,0,NA,NA,NA,NA,2015,1,13,0,NA,NA,NA,NA,NA,NA,1,2016,2019,NA
"313","POSY",5,1,"5_646",1,1.14,2.285,2013,NA,2015,13,0,NA,NA,NA,NA,2016,1,5,2,62,71,NA,NA,NA,66.5,2,2016,2019,NA
"314","POSY",5,1,"5_646",1,1.14,2.285,2013,NA,2016,5,2,62,71,NA,NA,2017,1,7,2,28,62,NA,NA,66.5,45,0,2016,2019,NA
"315","POSY",5,1,"5_646",1,1.14,2.285,2013,NA,2017,7,2,28,62,NA,NA,2018,1,1,0,NA,NA,NA,NA,45,NA,1,2016,2019,NA
"316","POSY",5,1,"5_647",1,NA,NA,2013,NA,2013,1,0,NA,NA,NA,NA,2014,1,4,0,NA,NA,NA,NA,NA,NA,0,2016,2018,NA
"317","POSY",5,1,"5_647",1,NA,NA,2013,NA,2014,4,0,NA,NA,NA,NA,2015,1,13,0,NA,NA,NA,NA,NA,NA,1,2016,2018,NA
"318","POSY",5,1,"5_647",1,NA,NA,2013,NA,2015,13,0,NA,NA,NA,NA,2016,1,7,0,NA,NA,NA,NA,NA,NA,2,2016,2018,NA
"319","POSY",5,1,"5_647",1,NA,NA,2013,NA,2016,7,0,NA,NA,NA,NA,2017,1,5,1,46,NA,NA,NA,NA,46,0,2016,2018,NA
"320","POSY",5,1,"5_647",1,NA,NA,2013,NA,2017,5,1,46,NA,NA,NA,2018,0,NA,NA,NA,NA,NA,NA,46,NA,1,2016,2018,NA
"321","POSY",5,1,"5_648",1,1.272,2.257,2013,NA,2013,1,0,NA,NA,NA,NA,2014,1,3,0,NA,NA,NA,NA,NA,NA,0,2016,2019,NA
"322","POSY",5,1,"5_648",1,1.272,2.257,2013,NA,2014,3,0,NA,NA,NA,NA,2015,1,7,0,NA,NA,NA,NA,NA,NA,1,2016,2019,NA
"323","POSY",5,1,"5_648",1,1.272,2.257,2013,NA,2015,7,0,NA,NA,NA,NA,2016,1,6,0,NA,NA,NA,NA,NA,NA,2,2016,2019,NA
"324","POSY",5,1,"5_648",1,1.272,2.257,2013,NA,2016,6,0,NA,NA,NA,NA,2017,1,12,2,51,33,NA,NA,NA,42,0,2016,2019,NA
"325","POSY",5,1,"5_648",1,1.272,2.257,2013,NA,2017,12,2,51,33,NA,NA,2018,1,1,0,NA,NA,NA,NA,42,NA,1,2016,2019,NA
"326","POSY",5,1,"5_649",1,NA,NA,2013,NA,2013,1,0,NA,NA,NA,NA,2014,1,3,0,NA,NA,NA,NA,NA,NA,0,2016,2017,NA
"327","POSY",5,1,"5_649",1,NA,NA,2013,NA,2014,3,0,NA,NA,NA,NA,2015,1,7,0,NA,NA,NA,NA,NA,NA,1,2016,2017,NA
"328","POSY",5,1,"5_649",1,NA,NA,2013,NA,2015,7,0,NA,NA,NA,NA,2016,1,4,0,NA,NA,NA,NA,NA,NA,2,2016,2017,NA
"329","POSY",5,1,"5_649",1,NA,NA,2013,NA,2016,4,0,NA,NA,NA,NA,2017,0,NA,NA,NA,NA,NA,NA,NA,NA,0,2016,2017,NA
"330","POSY",5,1,"5_650",1,NA,NA,2013,NA,2013,1,0,NA,NA,NA,NA,2014,1,3,0,NA,NA,NA,NA,NA,NA,0,2016,2017,NA
"331","POSY",5,1,"5_650",1,NA,NA,2013,NA,2014,3,0,NA,NA,NA,NA,2015,1,7,0,NA,NA,NA,NA,NA,NA,1,2016,2017,NA
"332","POSY",5,1,"5_650",1,NA,NA,2013,NA,2015,7,0,NA,NA,NA,NA,2016,1,2,0,NA,NA,NA,NA,NA,NA,2,2016,2017,NA
"333","POSY",5,1,"5_650",1,NA,NA,2013,NA,2016,2,0,NA,NA,NA,NA,2017,0,NA,NA,NA,NA,NA,NA,NA,NA,0,2016,2017,NA
"334","POSY",5,1,"5_651",1,NA,NA,2013,NA,2013,1,0,NA,NA,NA,NA,2014,1,4,0,NA,NA,NA,NA,NA,NA,0,2016,2017,NA
"335","POSY",5,1,"5_651",1,NA,NA,2013,NA,2014,4,0,NA,NA,NA,NA,2015,1,13,0,NA,NA,NA,NA,NA,NA,1,2016,2017,NA
"336","POSY",5,1,"5_651",1,NA,NA,2013,NA,2015,13,0,NA,NA,NA,NA,2016,1,4,1,34,NA,NA,NA,NA,34,2,2016,2017,NA
"337","POSY",5,1,"5_651",1,NA,NA,2013,NA,2016,4,1,34,NA,NA,NA,2017,0,NA,NA,NA,NA,NA,NA,34,NA,0,2016,2017,NA
"338","POSY",5,1,"5_652",1,1.246,2.359,2013,NA,2013,1,0,NA,NA,NA,NA,2014,1,4,0,NA,NA,NA,NA,NA,NA,0,2016,2020,NA
"339","POSY",5,1,"5_652",1,1.246,2.359,2013,NA,2014,4,0,NA,NA,NA,NA,2015,1,13,0,NA,NA,NA,NA,NA,NA,1,2016,2020,NA
"340","POSY",5,1,"5_652",1,1.246,2.359,2013,NA,2015,13,0,NA,NA,NA,NA,2016,1,6,3,28,68,44,NA,NA,46.6666666666667,2,2016,2020,NA
"341","POSY",5,1,"5_652",1,1.246,2.359,2013,NA,2016,6,3,28,68,44,NA,2017,1,4,1,51,NA,NA,NA,46.6666666666667,51,0,2016,2020,NA
"342","POSY",5,1,"5_652",1,1.246,2.359,2013,NA,2017,4,1,51,NA,NA,NA,2018,1,1,0,NA,NA,NA,NA,51,NA,1,2016,2020,NA
"343","POSY",5,1,"5_653",1,1.24,2.33,2013,NA,2013,1,0,NA,NA,NA,NA,2014,1,4,0,NA,NA,NA,NA,NA,NA,0,2016,2021,NA
"344","POSY",5,1,"5_653",1,1.24,2.33,2013,NA,2014,4,0,NA,NA,NA,NA,2015,1,13,0,NA,NA,NA,NA,NA,NA,1,2016,2021,NA
"345","POSY",5,1,"5_653",1,1.24,2.33,2013,NA,2015,13,0,NA,NA,NA,NA,2016,1,5,2,67,55,NA,NA,NA,61,2,2016,2021,NA
"346","POSY",5,1,"5_653",1,1.24,2.33,2013,NA,2016,5,2,67,55,NA,NA,2017,1,14,5,55,49,58,NA,61,54,0,2016,2021,NA
"347","POSY",5,1,"5_653",1,1.24,2.33,2013,NA,2017,14,5,55,49,58,NA,2018,1,7,0,NA,NA,NA,NA,54,NA,1,2016,2021,NA
"348","POSY",5,1,"5_659",1,1.503,2.506,2011,NA,2011,2,0,NA,NA,NA,NA,2012,1,9,0,NA,NA,NA,NA,NA,NA,0,2016,2020,NA
"349","POSY",5,1,"5_659",1,1.503,2.506,2011,NA,2012,9,0,NA,NA,NA,NA,2013,1,9,0,NA,NA,NA,NA,NA,NA,1,2016,2020,NA
"350","POSY",5,1,"5_659",1,1.503,2.506,2011,NA,2013,9,0,NA,NA,NA,NA,2014,1,4,0,NA,NA,NA,NA,NA,NA,2,2016,2020,NA
"351","POSY",5,1,"5_659",1,1.503,2.506,2011,NA,2014,4,0,NA,NA,NA,NA,2015,1,10,0,NA,NA,NA,NA,NA,NA,3,2016,2020,NA
"352","POSY",5,1,"5_659",1,1.503,2.506,2011,NA,2015,10,0,NA,NA,NA,NA,2016,1,9,4,59,94,84,NA,NA,79,4,2016,2020,NA
"353","POSY",5,1,"5_659",1,1.503,2.506,2011,NA,2016,9,4,59,94,84,NA,2017,1,12,3,48,58,39,NA,79,48.3333333333333,0,2016,2020,NA
"354","POSY",5,1,"5_659",1,1.503,2.506,2011,NA,2017,12,3,48,58,39,NA,2018,1,7,1,49,NA,NA,NA,48.3333333333333,49,1,2016,2020,NA
"355","POSY",5,1,"5_660",1,NA,NA,2011,NA,2011,2,0,NA,NA,NA,NA,2012,1,9,0,NA,NA,NA,NA,NA,NA,0,2016,2017,NA
"356","POSY",5,1,"5_660",1,NA,NA,2011,NA,2012,9,0,NA,NA,NA,NA,2013,1,2,0,NA,NA,NA,NA,NA,NA,1,2016,2017,NA
"357","POSY",5,1,"5_660",1,NA,NA,2011,NA,2013,2,0,NA,NA,NA,NA,2014,1,4,0,NA,NA,NA,NA,NA,NA,2,2016,2017,NA
"358","POSY",5,1,"5_660",1,NA,NA,2011,NA,2014,4,0,NA,NA,NA,NA,2015,1,10,0,NA,NA,NA,NA,NA,NA,3,2016,2017,NA
"359","POSY",5,1,"5_660",1,NA,NA,2011,NA,2015,10,0,NA,NA,NA,NA,2016,1,11,4,112,53,104,NA,NA,89.6666666666667,4,2016,2017,NA
"360","POSY",5,1,"5_660",1,NA,NA,2011,NA,2016,11,4,112,53,104,NA,2017,0,NA,NA,NA,NA,NA,NA,89.6666666666667,NA,0,2016,2017,NA
"361","POSY",5,1,"5_661",1,NA,NA,2011,NA,2011,1,0,NA,NA,NA,NA,2012,1,9,0,NA,NA,NA,NA,NA,NA,0,2016,2017,NA
"362","POSY",5,1,"5_661",1,NA,NA,2011,NA,2012,9,0,NA,NA,NA,NA,2013,1,2,0,NA,NA,NA,NA,NA,NA,1,2016,2017,NA
"363","POSY",5,1,"5_661",1,NA,NA,2011,NA,2013,2,0,NA,NA,NA,NA,2014,1,4,0,NA,NA,NA,NA,NA,NA,2,2016,2017,NA
"364","POSY",5,1,"5_661",1,NA,NA,2011,NA,2014,4,0,NA,NA,NA,NA,2015,1,10,0,NA,NA,NA,NA,NA,NA,3,2016,2017,NA
"365","POSY",5,1,"5_661",1,NA,NA,2011,NA,2015,10,0,NA,NA,NA,NA,2016,1,3,1,39,NA,NA,NA,NA,39,4,2016,2017,NA
"366","POSY",5,1,"5_661",1,NA,NA,2011,NA,2016,3,1,39,NA,NA,NA,2017,0,NA,NA,NA,NA,NA,NA,39,NA,0,2016,2017,NA
"367","POSY",5,1,"5_662",1,1.512,2.453,2011,NA,2011,1,0,NA,NA,NA,NA,2012,1,9,0,NA,NA,NA,NA,NA,NA,0,2016,2020,NA
"368","POSY",5,1,"5_662",1,1.512,2.453,2011,NA,2012,9,0,NA,NA,NA,NA,2013,1,2,0,NA,NA,NA,NA,NA,NA,1,2016,2020,NA
"369","POSY",5,1,"5_662",1,1.512,2.453,2011,NA,2013,2,0,NA,NA,NA,NA,2014,1,4,0,NA,NA,NA,NA,NA,NA,2,2016,2020,NA
"370","POSY",5,1,"5_662",1,1.512,2.453,2011,NA,2014,4,0,NA,NA,NA,NA,2015,1,5,0,NA,NA,NA,NA,NA,NA,3,2016,2020,NA
"371","POSY",5,1,"5_662",1,1.512,2.453,2011,NA,2015,5,0,NA,NA,NA,NA,2016,1,4,0,NA,NA,NA,NA,NA,NA,4,2016,2020,NA
"372","POSY",5,1,"5_662",1,1.512,2.453,2016,NA,2016,4,0,NA,NA,NA,NA,2017,1,6,3,27,44,23,NA,NA,31.3333333333333,0,2016,2020,NA
"373","POSY",5,1,"5_662",1,1.512,2.453,2016,NA,2017,6,3,27,44,23,NA,2018,1,3,0,NA,NA,NA,NA,31.3333333333333,NA,1,2016,2020,NA
"374","POSY",5,1,"5_663",1,1.433,2.536,2011,NA,2011,1,0,NA,NA,NA,NA,2012,1,5,0,NA,NA,NA,NA,NA,NA,0,2016,2019,NA
"375","POSY",5,1,"5_663",1,1.433,2.536,2011,NA,2012,5,0,NA,NA,NA,NA,2013,1,2,0,NA,NA,NA,NA,NA,NA,1,2016,2019,NA
"376","POSY",5,1,"5_663",1,1.433,2.536,2011,NA,2013,2,0,NA,NA,NA,NA,2014,1,4,0,NA,NA,NA,NA,NA,NA,2,2016,2019,NA
"377","POSY",5,1,"5_663",1,1.433,2.536,2011,NA,2014,4,0,NA,NA,NA,NA,2015,1,5,0,NA,NA,NA,NA,NA,NA,3,2016,2019,NA
"378","POSY",5,1,"5_663",1,1.433,2.536,2011,NA,2015,5,0,NA,NA,NA,NA,2016,1,4,0,NA,NA,NA,NA,NA,NA,4,2016,2019,NA
"379","POSY",5,1,"5_663",1,1.433,2.536,2011,NA,2016,4,0,NA,NA,NA,NA,2017,1,4,0,NA,NA,NA,NA,NA,NA,0,2016,2019,NA
"380","POSY",5,1,"5_663",1,1.433,2.536,2011,NA,2017,4,0,NA,NA,NA,NA,2018,1,3,0,NA,NA,NA,NA,NA,NA,1,2016,2019,NA
"381","POSY",5,1,"5_664",1,1.427,2.611,2011,NA,2011,1,0,NA,NA,NA,NA,2012,1,5,0,NA,NA,NA,NA,NA,NA,0,2016,2020,NA
"382","POSY",5,1,"5_664",1,1.427,2.611,2011,NA,2012,5,0,NA,NA,NA,NA,2013,1,2,0,NA,NA,NA,NA,NA,NA,1,2016,2020,NA
"383","POSY",5,1,"5_664",1,1.427,2.611,2011,NA,2013,2,0,NA,NA,NA,NA,2014,1,4,0,NA,NA,NA,NA,NA,NA,2,2016,2020,NA
"384","POSY",5,1,"5_664",1,1.427,2.611,2011,NA,2014,4,0,NA,NA,NA,NA,2015,1,5,0,NA,NA,NA,NA,NA,NA,3,2016,2020,NA
"385","POSY",5,1,"5_664",1,1.427,2.611,2011,NA,2015,5,0,NA,NA,NA,NA,2016,1,3,1,42,NA,NA,NA,NA,42,4,2016,2020,NA
"386","POSY",5,1,"5_664",1,1.427,2.611,2011,NA,2016,3,1,42,NA,NA,NA,2017,1,1,0,NA,NA,NA,NA,42,NA,0,2016,2020,NA
"387","POSY",5,1,"5_664",1,1.427,2.611,2011,NA,2017,1,0,NA,NA,NA,NA,2018,1,2,0,NA,NA,NA,NA,NA,NA,1,2016,2020,NA
"388","POSY",5,1,"5_665",1,1.603,2.515,2013,NA,2013,1,0,NA,NA,NA,NA,2014,1,3,0,NA,NA,NA,NA,NA,NA,0,2016,2020,NA
"389","POSY",5,1,"5_665",1,1.603,2.515,2013,NA,2014,3,0,NA,NA,NA,NA,2015,1,13,0,NA,NA,NA,NA,NA,NA,1,2016,2020,NA
"390","POSY",5,1,"5_665",1,1.603,2.515,2013,NA,2015,13,0,NA,NA,NA,NA,2016,1,2,0,NA,NA,NA,NA,NA,NA,2,2016,2020,NA
"391","POSY",5,1,"5_665",1,1.603,2.515,2013,NA,2016,2,0,NA,NA,NA,NA,2017,1,1,0,NA,NA,NA,NA,NA,NA,0,2016,2020,NA
"392","POSY",5,1,"5_665",1,1.603,2.515,2013,NA,2017,1,0,NA,NA,NA,NA,2018,1,2,0,NA,NA,NA,NA,NA,NA,1,2016,2020,NA
"393","POSY",5,1,"5_666",1,NA,NA,2013,NA,2013,1,0,NA,NA,NA,NA,2014,1,3,0,NA,NA,NA,NA,NA,NA,0,2016,2018,NA
"394","POSY",5,1,"5_666",1,NA,NA,2013,NA,2014,3,0,NA,NA,NA,NA,2015,1,13,0,NA,NA,NA,NA,NA,NA,1,2016,2018,NA
"395","POSY",5,1,"5_666",1,NA,NA,2013,NA,2015,13,0,NA,NA,NA,NA,2016,1,5,0,NA,NA,NA,NA,NA,NA,2,2016,2018,NA
"396","POSY",5,1,"5_666",1,NA,NA,2013,NA,2016,5,0,NA,NA,NA,NA,2017,1,4,1,42,NA,NA,NA,NA,42,0,2016,2018,NA
"397","POSY",5,1,"5_666",1,NA,NA,2013,NA,2017,4,1,42,NA,NA,NA,2018,0,NA,NA,NA,NA,NA,NA,42,NA,1,2016,2018,NA
"398","POSY",5,1,"5_667",1,NA,NA,2013,NA,2013,1,0,NA,NA,NA,NA,2014,1,3,0,NA,NA,NA,NA,NA,NA,0,2016,2017,NA
"399","POSY",5,1,"5_667",1,NA,NA,2013,NA,2014,3,0,NA,NA,NA,NA,2015,1,13,0,NA,NA,NA,NA,NA,NA,1,2016,2017,NA
"400","POSY",5,1,"5_667",1,NA,NA,2013,NA,2015,13,0,NA,NA,NA,NA,2016,1,3,0,NA,NA,NA,NA,NA,NA,2,2016,2017,NA
"401","POSY",5,1,"5_667",1,NA,NA,2013,NA,2016,3,0,NA,NA,NA,NA,2017,0,NA,NA,NA,NA,NA,NA,NA,NA,0,2016,2017,NA
"402","POSY",5,1,"5_668",1,1.383,2.587,2013,NA,2013,1,0,NA,NA,NA,NA,2014,1,3,0,NA,NA,NA,NA,NA,NA,0,2016,Inf,NA
"403","POSY",5,1,"5_668",1,1.383,2.587,2013,NA,2014,3,0,NA,NA,NA,NA,2015,1,7,0,NA,NA,NA,NA,NA,NA,1,2016,Inf,NA
"404","POSY",5,1,"5_668",1,1.383,2.587,2013,NA,2015,7,0,NA,NA,NA,NA,2016,1,4,1,28,NA,NA,NA,NA,28,2,2016,Inf,NA
"405","POSY",5,1,"5_668",1,1.383,2.587,2013,NA,2016,4,1,28,NA,NA,NA,2017,1,5,2,15,27,NA,NA,28,21,0,2016,Inf,NA
"406","POSY",5,1,"5_668",1,1.383,2.587,2013,NA,2017,5,2,15,27,NA,NA,2018,1,1,0,NA,NA,NA,NA,21,NA,1,2016,Inf,NA
"407","POSY",5,1,"5_669",1,1.366,2.555,2013,NA,2013,1,0,NA,NA,NA,NA,2014,1,3,0,NA,NA,NA,NA,NA,NA,0,2016,2020,NA
"408","POSY",5,1,"5_669",1,1.366,2.555,2013,NA,2014,3,0,NA,NA,NA,NA,2015,1,7,0,NA,NA,NA,NA,NA,NA,1,2016,2020,NA
"409","POSY",5,1,"5_669",1,1.366,2.555,2013,NA,2015,7,0,NA,NA,NA,NA,2016,1,2,0,NA,NA,NA,NA,NA,NA,2,2016,2020,NA
"410","POSY",5,1,"5_669",1,1.366,2.555,2013,NA,2016,2,0,NA,NA,NA,NA,2017,1,9,2,28,33,NA,NA,NA,30.5,0,2016,2020,NA
"411","POSY",5,1,"5_669",1,1.366,2.555,2013,NA,2017,9,2,28,33,NA,NA,2018,1,1,0,NA,NA,NA,NA,30.5,NA,1,2016,2020,NA
"412","POSY",5,1,"5_670",1,1.41,2.604,2013,NA,2013,1,0,NA,NA,NA,NA,2014,1,3,0,NA,NA,NA,NA,NA,NA,0,2016,Inf,NA
"413","POSY",5,1,"5_670",1,1.41,2.604,2013,NA,2014,3,0,NA,NA,NA,NA,2015,1,7,0,NA,NA,NA,NA,NA,NA,1,2016,Inf,NA
"414","POSY",5,1,"5_670",1,1.41,2.604,2013,NA,2015,7,0,NA,NA,NA,NA,2016,1,4,0,NA,NA,NA,NA,NA,NA,2,2016,Inf,NA
"415","POSY",5,1,"5_670",1,1.41,2.604,2013,NA,2016,4,0,NA,NA,NA,NA,2017,1,6,0,NA,NA,NA,NA,NA,NA,0,2016,Inf,NA
"416","POSY",5,1,"5_670",1,1.41,2.604,2013,NA,2017,6,0,NA,NA,NA,NA,2018,1,4,0,NA,NA,NA,NA,NA,NA,1,2016,Inf,NA
"417","POSY",12,1,"12_132",1,NA,NA,2013,NA,2013,1,0,NA,NA,NA,NA,2014,0,NA,NA,NA,NA,NA,NA,NA,NA,0,2013,2014,NA
"418","POSY",12,1,"12_168",1,NA,NA,2013,NA,2013,1,0,NA,NA,NA,NA,2014,1,3,0,NA,NA,NA,NA,NA,NA,0,2013,2018,NA
"419","POSY",12,1,"12_168",1,NA,NA,2013,NA,2014,3,0,NA,NA,NA,NA,2015,1,4,0,NA,NA,NA,NA,NA,NA,1,2013,2018,NA
"420","POSY",12,1,"12_168",1,NA,NA,2013,NA,2015,4,0,NA,NA,NA,NA,2016,1,1,0,NA,NA,NA,NA,NA,NA,2,2013,2018,NA
"421","POSY",12,1,"12_168",1,NA,NA,2013,NA,2016,1,0,NA,NA,NA,NA,2017,1,5,0,NA,NA,NA,NA,NA,NA,3,2013,2018,NA
"422","POSY",12,1,"12_168",1,NA,NA,2013,NA,2017,5,0,NA,NA,NA,NA,2018,0,NA,NA,NA,NA,NA,NA,NA,NA,4,2013,2018,NA
"423","POSY",20,1,"20_273",1,NA,NA,2013,NA,2013,1,0,NA,NA,NA,NA,2014,1,5,0,NA,NA,NA,NA,NA,NA,0,2014,2018,NA
"424","POSY",20,1,"20_273",1,NA,NA,2013,NA,2014,5,0,NA,NA,NA,NA,2015,1,7,2,30,81,NA,NA,NA,55.5,1,2014,2018,NA
"425","POSY",20,1,"20_273",1,NA,NA,2013,NA,2015,7,2,30,81,NA,NA,2016,1,4,1,47,NA,NA,NA,55.5,47,2,2014,2018,NA
"426","POSY",20,1,"20_273",1,NA,NA,2013,NA,2016,4,1,47,NA,NA,NA,2017,1,6,3,41,62,51,NA,47,51.3333333333333,2,2014,2018,NA
"427","POSY",20,1,"20_273",1,NA,NA,2013,NA,2017,6,3,41,62,51,NA,2018,0,NA,NA,NA,NA,NA,NA,51.3333333333333,NA,3,2014,2018,NA
"428","POSY",20,1,"20_401",1,NA,NA,2013,NA,2013,1,0,NA,NA,NA,NA,2014,1,2,0,NA,NA,NA,NA,NA,NA,0,2014,2018,NA
"429","POSY",20,1,"20_401",1,NA,NA,2013,NA,2014,2,0,NA,NA,NA,NA,2015,1,4,0,NA,NA,NA,NA,NA,NA,1,2014,2018,NA
"430","POSY",20,1,"20_401",1,NA,NA,2013,NA,2015,4,0,NA,NA,NA,NA,2016,1,7,3,58,103,61,NA,NA,74,2,2014,2018,NA
"431","POSY",20,1,"20_401",1,NA,NA,2013,NA,2016,7,3,58,103,61,NA,2017,1,5,1,42,NA,NA,NA,74,42,2,2014,2018,NA
"432","POSY",20,1,"20_401",1,NA,NA,2013,NA,2017,5,1,42,NA,NA,NA,2018,0,NA,NA,NA,NA,NA,NA,42,NA,3,2014,2018,NA
"433","POSY",20,1,"20_402",1,1.751,1.733,2013,NA,2013,1,0,NA,NA,NA,NA,2014,1,1,0,NA,NA,NA,NA,NA,NA,0,2014,2019,NA
"434","POSY",20,1,"20_402",1,1.751,1.733,2013,NA,2014,1,0,NA,NA,NA,NA,2015,1,4,0,NA,NA,NA,NA,NA,NA,1,2014,2019,NA
"435","POSY",20,1,"20_402",1,1.751,1.733,2013,NA,2015,4,0,NA,NA,NA,NA,2016,1,7,2,69,71,NA,NA,NA,70,2,2014,2019,NA
"436","POSY",20,1,"20_402",1,1.751,1.733,2013,NA,2016,7,2,69,71,NA,NA,2017,1,9,1,73,NA,NA,NA,70,73,2,2014,2019,NA
"437","POSY",20,1,"20_402",1,1.751,1.733,2013,NA,2017,9,1,73,NA,NA,NA,2018,1,6,2,23,39,NA,NA,73,31,3,2014,2019,NA
"438","POSY",20,1,"20_403",1,NA,NA,2013,NA,2013,1,0,NA,NA,NA,NA,2014,1,1,0,NA,NA,NA,NA,NA,NA,0,2014,2018,NA
"439","POSY",20,1,"20_403",1,NA,NA,2013,NA,2014,1,0,NA,NA,NA,NA,2015,1,2,0,NA,NA,NA,NA,NA,NA,1,2014,2018,NA
"440","POSY",20,1,"20_403",1,NA,NA,2013,NA,2015,2,0,NA,NA,NA,NA,2016,1,2,0,NA,NA,NA,NA,NA,NA,2,2014,2018,NA
"441","POSY",20,1,"20_403",1,NA,NA,2013,NA,2016,2,0,NA,NA,NA,NA,2017,1,1,0,NA,NA,NA,NA,NA,NA,2,2014,2018,NA
"442","POSY",20,1,"20_403",1,NA,NA,2013,NA,2017,1,0,NA,NA,NA,NA,2018,0,NA,NA,NA,NA,NA,NA,NA,NA,3,2014,2018,NA
"443","POSY",20,1,"20_404",1,NA,NA,2013,NA,2013,1,0,NA,NA,NA,NA,2014,1,2,0,NA,NA,NA,NA,NA,NA,0,2014,2017,NA
"444","POSY",20,1,"20_404",1,NA,NA,2013,NA,2014,2,0,NA,NA,NA,NA,2015,1,1,0,NA,NA,NA,NA,NA,NA,1,2014,2017,NA
"445","POSY",20,1,"20_404",1,NA,NA,2013,NA,2015,1,0,NA,NA,NA,NA,2016,1,1,0,NA,NA,NA,NA,NA,NA,2,2014,2017,NA
"446","POSY",20,1,"20_404",1,NA,NA,2013,NA,2016,1,0,NA,NA,NA,NA,2017,0,NA,NA,NA,NA,NA,NA,NA,NA,2,2014,2017,NA
"447","POSY",20,1,"20_405",1,2.642,2.307,2013,NA,2013,1,0,NA,NA,NA,NA,2014,1,3,0,NA,NA,NA,NA,NA,NA,0,2014,2019,NA
"448","POSY",20,1,"20_405",1,2.642,2.307,2013,NA,2014,3,0,NA,NA,NA,NA,2015,1,4,0,NA,NA,NA,NA,NA,NA,1,2014,2019,NA
"449","POSY",20,1,"20_405",1,2.642,2.307,2013,NA,2015,4,0,NA,NA,NA,NA,2016,1,5,2,39,82,NA,NA,NA,60.5,2,2014,2019,NA
"450","POSY",20,1,"20_405",1,2.642,2.307,2013,NA,2016,5,2,39,82,NA,NA,2017,1,12,3,48,81,62,NA,60.5,63.6666666666667,2,2014,2019,NA
"451","POSY",20,1,"20_405",1,2.642,2.307,2013,NA,2017,12,3,48,81,62,NA,2018,1,5,0,NA,NA,NA,NA,63.6666666666667,NA,3,2014,2019,NA
"452","POSY",20,1,"20_408",1,2.832,3.082,2013,NA,2013,1,0,NA,NA,NA,NA,2014,1,2,0,NA,NA,NA,NA,NA,NA,0,2014,2021,NA
"453","POSY",20,1,"20_408",1,2.832,3.082,2013,NA,2014,2,0,NA,NA,NA,NA,2015,1,4,1,64,NA,NA,NA,NA,64,1,2014,2021,NA
"454","POSY",20,1,"20_408",1,2.832,3.082,2013,NA,2015,4,1,64,NA,NA,NA,2016,1,4,0,NA,NA,NA,NA,64,NA,2,2014,2021,NA
"455","POSY",20,1,"20_408",1,2.832,3.082,2013,NA,2016,4,0,NA,NA,NA,NA,2017,1,18,4,59,65,39,NA,NA,54.3333333333333,2,2014,2021,NA
"456","POSY",20,1,"20_408",1,2.832,3.082,2013,NA,2017,18,4,59,65,39,NA,2018,1,21,4,32,34,12,NA,54.3333333333333,26,3,2014,2021,NA
"457","POSY",20,1,"20_409",1,2.824,3.211,2013,NA,2013,1,0,NA,NA,NA,NA,2014,1,3,0,NA,NA,NA,NA,NA,NA,0,2014,Inf,NA
"458","POSY",20,1,"20_409",1,2.824,3.211,2013,NA,2014,3,0,NA,NA,NA,NA,2015,1,6,1,89,NA,NA,NA,NA,89,1,2014,Inf,NA
"459","POSY",20,1,"20_409",1,2.824,3.211,2013,NA,2015,6,1,89,NA,NA,NA,2016,1,24,4,66,34,43,NA,89,47.6666666666667,2,2014,Inf,NA
"460","POSY",20,1,"20_409",1,2.824,3.211,2013,NA,2016,24,4,66,34,43,NA,2017,1,17,6,51,48,39,NA,47.6666666666667,46,2,2014,Inf,NA
"461","POSY",20,1,"20_409",1,2.824,3.211,2013,NA,2017,17,6,51,48,39,NA,2018,1,19,0,NA,NA,NA,NA,46,NA,3,2014,Inf,NA
"462","POSY",20,1,"20_410",1,2.235,1.197,2013,NA,2013,1,0,NA,NA,NA,NA,2014,1,2,0,NA,NA,NA,NA,NA,NA,0,2014,2019,NA
"463","POSY",20,1,"20_410",1,2.235,1.197,2013,NA,2014,2,0,NA,NA,NA,NA,2015,1,3,0,NA,NA,NA,NA,NA,NA,1,2014,2019,NA
"464","POSY",20,1,"20_410",1,2.235,1.197,2013,NA,2015,3,0,NA,NA,NA,NA,2016,1,3,0,NA,NA,NA,NA,NA,NA,2,2014,2019,NA
"465","POSY",20,1,"20_410",1,2.235,1.197,2013,NA,2016,3,0,NA,NA,NA,NA,2017,1,8,2,12,47,NA,NA,NA,29.5,2,2014,2019,NA
"466","POSY",20,1,"20_410",1,2.235,1.197,2013,NA,2017,8,2,12,47,NA,NA,2018,1,1,0,NA,NA,NA,NA,29.5,NA,3,2014,2019,NA
"467","POSY",149,0,"149_174",1,NA,NA,2012,NA,2012,1,0,NA,NA,NA,NA,2013,0,NA,NA,NA,NA,NA,NA,NA,NA,0,2013,2013,NA
"468","POSY",149,0,"149_174",1,NA,NA,2012,NA,2012,1,0,NA,NA,NA,NA,2013,0,NA,NA,NA,NA,NA,NA,NA,NA,0,2013,2013,NA
"469","POSY",149,0,"149_174",1,NA,NA,2012,NA,2013,1,0,NA,NA,NA,NA,2014,0,NA,NA,NA,NA,NA,NA,NA,NA,0,2013,2013,NA
"470","POSY",149,0,"149_174",1,NA,NA,2012,NA,2013,1,0,NA,NA,NA,NA,2014,0,NA,NA,NA,NA,NA,NA,NA,NA,0,2013,2013,NA
"471","POSY",150,0,"150_306",1,1.881,1.971,2013,NA,2013,1,0,NA,NA,NA,NA,2014,1,6,0,NA,NA,NA,NA,NA,NA,0,2014,2020,NA
"472","POSY",150,0,"150_306",1,1.881,1.971,2013,NA,2014,6,0,NA,NA,NA,NA,2015,1,15,6,32,39,60,NA,NA,43.6666666666667,1,2014,2020,NA
"473","POSY",150,0,"150_306",1,1.881,1.971,2013,NA,2015,15,6,32,39,60,NA,2016,1,12,3,49,52,64,NA,43.6666666666667,55,2,2014,2020,NA
"474","POSY",150,0,"150_306",1,1.881,1.971,2013,NA,2016,12,3,49,52,64,NA,2017,1,10,4,39,66,27,NA,55,44,2,2014,2020,NA
"475","POSY",150,0,"150_306",1,1.881,1.971,2013,NA,2017,10,4,39,66,27,NA,2018,1,10,2,36,46,NA,NA,44,41,3,2014,2020,NA
"476","POSY",14,0,"14_490",1,2.254,1.024,2018,NA,2017,NA,NA,NA,NA,NA,NA,2018,1,1,0,NA,NA,NA,NA,NA,NA,-1,2020,2021,NA
"477","POSY",14,0,"14_491",1,2.204,0.991,2018,NA,2017,NA,NA,NA,NA,NA,NA,2018,1,1,0,NA,NA,NA,NA,NA,NA,-1,2020,2021,NA
"478","POSY",14,0,"14_492",1,2.186,1.034,2018,NA,2017,NA,NA,NA,NA,NA,NA,2018,1,1,0,NA,NA,NA,NA,NA,NA,-1,2020,2021,NA
"479","POSY",14,0,"14_493",1,2.131,1.07,2018,NA,2017,NA,NA,NA,NA,NA,NA,2018,1,1,0,NA,NA,NA,NA,NA,NA,-1,2020,2021,NA
"480","POSY",14,0,"14_494",1,2.086,1.082,2018,NA,2017,NA,NA,NA,NA,NA,NA,2018,1,1,0,NA,NA,NA,NA,NA,NA,-1,2020,2021,NA
"481","POSY",14,0,"14_495",1,2.059,0.993,2018,NA,2017,NA,NA,NA,NA,NA,NA,2018,1,1,0,NA,NA,NA,NA,NA,NA,-1,2020,2021,NA
"482","POSY",14,0,"14_496",1,2.125,0.949,2018,NA,2017,NA,NA,NA,NA,NA,NA,2018,1,1,0,NA,NA,NA,NA,NA,NA,-1,2020,2022,NA
"483","POSY",14,0,"14_497",1,2.081,0.913,2018,NA,2017,NA,NA,NA,NA,NA,NA,2018,1,1,0,NA,NA,NA,NA,NA,NA,-1,2020,2021,NA
"484","LOAR",37,1,"37_A1",1,2.541,2.126,2013,1,2012,NA,NA,NA,NA,NA,NA,2013,1,2,0,NA,NA,NA,NA,NA,NA,-1,2014,Inf,NA
"485","LOAR",37,1,"37_A1",1,2.541,2.126,2013,1,2013,2,0,NA,NA,NA,NA,2014,1,14,0,NA,NA,NA,NA,NA,NA,0,2014,Inf,NA
"486","LOAR",37,1,"37_A1",1,2.541,2.126,2014,1,2014,14,0,NA,NA,NA,NA,2015,1,2,0,NA,NA,NA,NA,NA,NA,0,2014,Inf,NA
"487","LOAR",37,1,"37_A1",1,2.541,2.126,2014,1,2015,2,0,NA,NA,NA,NA,2016,1,4,0,NA,NA,NA,NA,NA,NA,1,2014,Inf,NA
"488","LOAR",37,1,"37_A1",1,2.541,2.126,2014,1,2016,2,0,NA,NA,NA,NA,2017,1,1,0,NA,NA,NA,NA,NA,NA,2,2014,Inf,NA
"489","LOAR",37,1,"37_A1",1,2.541,2.126,2014,1,2017,1,0,NA,NA,NA,NA,2018,1,1,0,NA,NA,NA,NA,NA,NA,3,2014,Inf,NA
"490","ELRI",107,1,"107_H10",1,0.762,2.054,2017,NA,2018,1,0,NA,NA,NA,NA,2019,1,1,0,NA,NA,NA,NA,NA,NA,2,2017,Inf,NA
"491","ELRI",107,1,"107_H10",1,0.762,2.054,2017,NA,2019,1,0,NA,NA,NA,NA,2020,1,1,0,NA,NA,NA,NA,NA,NA,3,2017,Inf,NA
"492","ELRI",107,1,"107_H10",1,0.762,2.054,2017,NA,2020,1,0,NA,NA,NA,NA,2021,1,2,0,NA,NA,NA,NA,NA,NA,4,2017,Inf,NA
"493","ELRI",107,1,"107_H10",1,0.762,2.054,2017,NA,2021,2,0,NA,NA,NA,NA,2022,1,2,0,NA,NA,NA,NA,NA,NA,5,2017,Inf,NA
"494","FESU",126,0,"126_325",1,1.817,0.722,2016,NA,2018,1,0,NA,NA,NA,NA,2019,0,NA,NA,NA,NA,NA,NA,NA,NA,0,2018,2019,NA
"495","LOAR",37,1,"37_A1",1,2.541,2.126,2014,1,2018,1,0,NA,NA,NA,NA,2019,1,1,0,NA,NA,NA,NA,NA,NA,4,2014,Inf,NA
"496","POSY",1,1,"1_375",1,3.718,3.538,2013,NA,2018,NA,NA,NA,NA,NA,NA,2019,1,5,2,17,54,NA,NA,NA,35.5,4,2014,2018,NA
"497","POSY",1,1,"1_375",1,3.718,3.538,2013,NA,2019,5,2,17,54,NA,NA,2020,0,NA,NA,NA,NA,NA,NA,35.5,NA,5,2014,2018,NA
"498","POSY",1,1,"1_376",1,3.666,3.627,2013,NA,2018,2,0,NA,NA,NA,NA,2019,1,1,0,NA,NA,NA,NA,NA,NA,4,2014,2020,NA
"499","POSY",1,1,"1_376",1,3.666,3.627,2013,NA,2019,1,0,NA,NA,NA,NA,2020,0,NA,NA,NA,NA,NA,NA,NA,NA,5,2014,2020,NA
"500","POSY",1,1,"1_377",1,3.615,3.566,2013,NA,2018,1,0,NA,NA,NA,NA,2019,0,NA,NA,NA,NA,NA,NA,NA,NA,4,2014,2019,NA
"501","POSY",1,1,"1_380",1,3.547,3.541,2013,NA,2018,1,0,NA,NA,NA,NA,2019,0,NA,NA,NA,NA,NA,NA,NA,NA,4,2014,2019,NA
"502","POSY",1,1,"1_385",1,2.371,3.315,2013,NA,2018,1,0,NA,NA,NA,NA,2019,0,NA,NA,NA,NA,NA,NA,NA,NA,4,2014,2019,NA
"503","POSY",1,1,"1_399",1,2.551,3.418,2013,NA,2018,1,0,NA,NA,NA,NA,2019,0,NA,NA,NA,NA,NA,NA,NA,NA,4,2014,2019,NA
"504","POSY",1,1,"1_523",1,3.544,3.615,2013,NA,2018,1,0,NA,NA,NA,NA,2019,0,NA,NA,NA,NA,NA,NA,NA,NA,2,2016,2019,NA
"505","POSY",1,1,"1_524",1,3.612,3.628,2013,NA,2018,1,0,NA,NA,NA,NA,2019,0,NA,NA,NA,NA,NA,NA,NA,NA,2,2016,2019,NA
"506","POSY",1,1,"1_525",1,3.359,3.555,2016,NA,2018,5,2,26,46,NA,NA,2019,0,NA,NA,NA,NA,NA,NA,36,NA,2,2016,2019,NA
"507","POSY",1,1,"1_540",1,3.133,3.53,2014,NA,2018,2,0,NA,NA,NA,NA,2019,1,1,0,NA,NA,NA,NA,NA,NA,2,2016,Inf,NA
"508","POSY",1,1,"1_540",1,3.133,3.53,2014,NA,2019,1,0,NA,NA,NA,NA,2020,1,2,0,NA,NA,NA,NA,NA,NA,3,2016,Inf,NA
"509","POSY",1,1,"1_540",1,3.133,3.53,2014,NA,2020,2,0,NA,NA,NA,NA,2021,1,4,1,55,NA,NA,NA,NA,55,4,2016,Inf,NA
"510","POSY",1,1,"1_540",1,3.133,3.53,2014,NA,2021,4,1,55,NA,NA,NA,2022,1,1,0,NA,NA,NA,NA,55,NA,5,2016,Inf,NA
"511","POSY",2,0,"2_74b",1,1.598,1.932,2015,NA,2018,9,2,18,41,NA,NA,2019,0,NA,NA,NA,NA,NA,NA,29.5,NA,5,2014,2019,NA
"512","POSY",2,0,"2_98",1,2.685,3.027,2013,NA,2018,5,0,NA,NA,NA,NA,2019,1,1,0,NA,NA,NA,NA,NA,NA,4,2014,2020,NA
"513","POSY",2,0,"2_98",1,2.685,3.027,2013,NA,2019,1,0,NA,NA,NA,NA,2020,0,NA,NA,NA,NA,NA,NA,NA,NA,5,2014,2020,NA
"514","POSY",5,1,"5_501",1,2.589,0.745,2013,NA,2018,8,2,67,70,NA,NA,2019,0,NA,NA,NA,NA,NA,NA,68.5,NA,4,2014,2019,NA
"515","POSY",5,1,"5_576",1,1.14,2.351,2013,NA,2018,1,0,NA,NA,NA,NA,2019,0,NA,NA,NA,NA,NA,NA,NA,NA,4,2014,2019,NA
"516","POSY",5,1,"5_580",1,1.251,2.235,2013,NA,2018,2,0,NA,NA,NA,NA,2019,0,NA,NA,NA,NA,NA,NA,NA,NA,4,2014,2019,NA
"517","POSY",5,1,"5_582",1,1.433,2.727,2013,NA,2018,3,0,NA,NA,NA,NA,2019,0,NA,NA,NA,NA,NA,NA,NA,NA,4,2014,2019,NA
"518","POSY",5,1,"5_583",1,1.302,2.482,2013,NA,2018,3,0,NA,NA,NA,NA,2019,0,NA,NA,NA,NA,NA,NA,NA,NA,4,2014,2019,NA
"519","POSY",5,1,"5_630",1,1.535,1.965,2014,NA,2018,3,0,NA,NA,NA,NA,2019,0,NA,NA,NA,NA,NA,NA,NA,NA,2,2016,2019,NA
"520","POSY",5,1,"5_631",1,1.545,2.027,2014,NA,2018,2,0,NA,NA,NA,NA,2019,1,3,0,NA,NA,NA,NA,NA,NA,2,2016,2020,NA
"521","POSY",5,1,"5_631",1,1.545,2.027,2014,NA,2019,3,0,NA,NA,NA,NA,2020,0,NA,NA,NA,NA,NA,NA,NA,NA,3,2016,2020,NA
"522","POSY",5,1,"5_633",1,1.525,2.04,2014,NA,2018,6,0,NA,NA,NA,NA,2019,0,NA,NA,NA,NA,NA,NA,NA,NA,2,2016,2019,NA
"523","POSY",5,1,"5_636",1,1.9,2.134,2014,NA,2018,3,0,NA,NA,NA,NA,2019,0,NA,NA,NA,NA,NA,NA,NA,NA,2,2016,2019,NA
"524","POSY",5,1,"5_637",1,1.878,2.099,2014,NA,2018,3,0,NA,NA,NA,NA,2019,0,NA,NA,NA,NA,NA,NA,NA,NA,2,2016,2019,NA
"525","POSY",5,1,"5_638",1,1.819,2.1,2014,NA,2018,2,0,NA,NA,NA,NA,2019,0,NA,NA,NA,NA,NA,NA,NA,NA,2,2016,2019,NA
"526","POSY",5,1,"5_640",1,1.882,2.177,2014,NA,2018,1,0,NA,NA,NA,NA,2019,0,NA,NA,NA,NA,NA,NA,NA,NA,2,2016,2019,NA
"527","POSY",5,1,"5_641",1,1.254,2.449,2014,NA,2018,1,0,NA,NA,NA,NA,2019,0,NA,NA,NA,NA,NA,NA,NA,NA,2,2016,2019,NA
"528","POSY",5,1,"5_642",1,1.182,2.418,2013,NA,2018,3,0,NA,NA,NA,NA,2019,0,NA,NA,NA,NA,NA,NA,NA,NA,2,2016,2019,NA
"529","POSY",5,1,"5_645",1,1.127,2.315,2013,NA,2018,2,0,NA,NA,NA,NA,2019,0,NA,NA,NA,NA,NA,NA,NA,NA,2,2016,2019,NA
"530","POSY",5,1,"5_646",1,1.14,2.285,2013,NA,2018,1,0,NA,NA,NA,NA,2019,0,NA,NA,NA,NA,NA,NA,NA,NA,2,2016,2019,NA
"531","POSY",5,1,"5_648",1,1.272,2.257,2013,NA,2018,1,0,NA,NA,NA,NA,2019,0,NA,NA,NA,NA,NA,NA,NA,NA,2,2016,2019,NA
"532","POSY",5,1,"5_652",1,1.246,2.359,2013,NA,2018,1,0,NA,NA,NA,NA,2019,1,1,0,NA,NA,NA,NA,NA,NA,2,2016,2020,NA
"533","POSY",5,1,"5_652",1,1.246,2.359,2013,NA,2019,1,0,NA,NA,NA,NA,2020,0,NA,NA,NA,NA,NA,NA,NA,NA,3,2016,2020,NA
"534","POSY",5,1,"5_653",1,1.24,2.33,2013,NA,2018,7,0,NA,NA,NA,NA,2019,1,7,0,NA,NA,NA,NA,NA,NA,2,2016,2021,NA
"535","POSY",5,1,"5_653",1,1.24,2.33,2013,NA,2019,7,0,NA,NA,NA,NA,2020,1,10,1,44,NA,NA,NA,NA,44,3,2016,2021,NA
"536","POSY",5,1,"5_653",1,1.24,2.33,2013,NA,2020,10,1,44,NA,NA,NA,2021,0,NA,NA,NA,NA,NA,NA,44,NA,4,2016,2021,NA
"537","POSY",5,1,"5_659",1,1.503,2.506,2011,NA,2018,7,1,49,NA,NA,NA,2019,1,1,0,NA,NA,NA,NA,49,NA,2,2016,2020,NA
"538","POSY",5,1,"5_659",1,1.503,2.506,2011,NA,2019,1,0,NA,NA,NA,NA,2020,0,NA,NA,NA,NA,NA,NA,NA,NA,3,2016,2020,NA
"539","POSY",5,1,"5_662",1,1.512,2.453,2016,NA,2018,3,0,NA,NA,NA,NA,2019,1,1,0,NA,NA,NA,NA,NA,NA,2,2016,2020,NA
"540","POSY",5,1,"5_662",1,1.512,2.453,2016,NA,2019,1,0,NA,NA,NA,NA,2020,0,NA,NA,NA,NA,NA,NA,NA,NA,3,2016,2020,NA
"541","POSY",5,1,"5_663",1,1.433,2.536,2011,NA,2018,3,0,NA,NA,NA,NA,2019,0,NA,NA,NA,NA,NA,NA,NA,NA,2,2016,2019,NA
"542","POSY",5,1,"5_664",1,1.427,2.611,2011,NA,2018,2,0,NA,NA,NA,NA,2019,1,1,0,NA,NA,NA,NA,NA,NA,2,2016,2020,NA
"543","POSY",5,1,"5_664",1,1.427,2.611,2011,NA,2019,1,0,NA,NA,NA,NA,2020,0,NA,NA,NA,NA,NA,NA,NA,NA,3,2016,2020,NA
"544","POSY",5,1,"5_665",1,1.603,2.515,2013,NA,2018,2,0,NA,NA,NA,NA,2019,1,1,0,NA,NA,NA,NA,NA,NA,2,2016,2020,NA
"545","POSY",5,1,"5_665",1,1.603,2.515,2013,NA,2019,1,0,NA,NA,NA,NA,2020,0,NA,NA,NA,NA,NA,NA,NA,NA,3,2016,2020,NA
"546","POSY",5,1,"5_668",1,1.383,2.587,2013,NA,2018,1,0,NA,NA,NA,NA,2019,1,1,0,NA,NA,NA,NA,NA,NA,2,2016,Inf,NA
"547","POSY",5,1,"5_668",1,1.383,2.587,2013,NA,2019,1,0,NA,NA,NA,NA,2020,1,7,1,52,NA,NA,NA,NA,52,3,2016,Inf,NA
"548","POSY",5,1,"5_668",1,1.383,2.587,2013,NA,2020,7,1,52,NA,NA,NA,2021,1,7,0,NA,NA,NA,NA,52,NA,4,2016,Inf,NA
"549","POSY",5,1,"5_668",1,0.653,2.527,2013,NA,2021,7,0,NA,NA,NA,NA,2022,1,7,0,NA,NA,NA,NA,NA,NA,5,2016,Inf,NA
"550","POSY",5,1,"5_669",1,1.366,2.555,2013,NA,2018,1,0,NA,NA,NA,NA,2019,1,1,0,NA,NA,NA,NA,NA,NA,2,2016,2020,NA
"551","POSY",5,1,"5_669",1,1.366,2.555,2013,NA,2019,1,0,NA,NA,NA,NA,2020,0,NA,NA,NA,NA,NA,NA,NA,NA,3,2016,2020,NA
"552","POSY",5,1,"5_670",1,1.41,2.604,2013,NA,2018,4,0,NA,NA,NA,NA,2019,1,1,0,NA,NA,NA,NA,NA,NA,2,2016,Inf,NA
"553","POSY",5,1,"5_670",1,1.41,2.604,2013,NA,2019,1,0,NA,NA,NA,NA,2020,1,9,1,48,NA,NA,NA,NA,48,3,2016,Inf,NA
"554","POSY",5,1,"5_670",1,1.41,2.604,2013,NA,2020,9,1,48,NA,NA,NA,2021,1,9,2,33,76,NA,NA,48,54.5,4,2016,Inf,NA
"555","POSY",5,1,"5_670",1,0.0649,2.529,2013,NA,2021,9,2,33,76,NA,NA,2022,1,12,3,43,4,44,NA,54.5,30.3333333333333,5,2016,Inf,NA
"556","POSY",7,0,"7_257",1,1.868,2.109,2019,NA,2018,NA,NA,NA,NA,NA,NA,2019,1,1,0,NA,NA,NA,NA,NA,NA,-1,2020,2020,NA
"557","POSY",7,0,"7_257",1,NA,NA,2019,NA,2019,1,0,NA,NA,NA,NA,2020,0,NA,NA,NA,NA,NA,NA,NA,NA,0,2020,2020,NA
"558","POSY",7,0,"7_257",1,2.941,2.867,2020,NA,2020,NA,NA,NA,NA,NA,NA,2021,0,NA,NA,NA,NA,NA,NA,NA,NA,0,2020,2020,NA
"559","POSY",7,0,"7_258",1,1.839,2.1,2019,NA,2018,NA,NA,NA,NA,NA,NA,2019,1,1,0,NA,NA,NA,NA,NA,NA,-1,2020,2020,NA
"560","POSY",7,0,"7_258",1,NA,NA,2019,NA,2019,1,0,NA,NA,NA,NA,2020,0,NA,NA,NA,NA,NA,NA,NA,NA,0,2020,2020,NA
"561","POSY",7,0,"7_258",1,2.84,2.655,2020,NA,2020,NA,NA,NA,NA,NA,NA,2021,0,NA,NA,NA,NA,NA,NA,NA,NA,0,2020,2020,NA
"562","POSY",7,0,"7_259",1,1.843,2.075,2019,NA,2018,NA,NA,NA,NA,NA,NA,2019,1,1,0,NA,NA,NA,NA,NA,NA,-1,2020,2020,NA
"563","POSY",7,0,"7_259",1,NA,NA,2019,NA,2019,1,0,NA,NA,NA,NA,2020,0,NA,NA,NA,NA,NA,NA,NA,NA,0,2020,2020,NA
"564","POSY",7,0,"7_259",1,3.147,2.762,2020,NA,2020,NA,NA,NA,NA,NA,NA,2021,0,NA,NA,NA,NA,NA,NA,NA,NA,0,2020,2020,NA
"565","POSY",7,0,"7_260",1,1.858,2.033,2019,NA,2018,NA,NA,NA,NA,NA,NA,2019,1,1,0,NA,NA,NA,NA,NA,NA,-1,2020,2020,NA
"566","POSY",7,0,"7_260",1,NA,NA,2019,NA,2019,1,0,NA,NA,NA,NA,2020,0,NA,NA,NA,NA,NA,NA,NA,NA,0,2020,2020,NA
"567","POSY",7,0,"7_260",1,3.118,2.738,2020,NA,2020,NA,NA,NA,NA,NA,NA,2021,0,NA,NA,NA,NA,NA,NA,NA,NA,0,2020,2020,NA
"568","POSY",7,0,"7_261",1,1.575,1.895,2019,NA,2018,NA,NA,NA,NA,NA,NA,2019,1,1,0,NA,NA,NA,NA,NA,NA,-1,2020,2020,NA
"569","POSY",7,0,"7_261",1,NA,NA,2019,NA,2019,1,0,NA,NA,NA,NA,2020,0,NA,NA,NA,NA,NA,NA,NA,NA,0,2020,2020,NA
"570","POSY",7,0,"7_261",1,3.221,2.695,2020,NA,2020,NA,NA,NA,NA,NA,NA,2021,0,NA,NA,NA,NA,NA,NA,NA,NA,0,2020,2020,NA
"571","POSY",7,0,"7_262",1,1.533,1.92,2019,NA,2018,NA,NA,NA,NA,NA,NA,2019,1,1,0,NA,NA,NA,NA,NA,NA,-1,2020,2020,NA
"572","POSY",7,0,"7_262",1,NA,NA,2019,NA,2019,1,0,NA,NA,NA,NA,2020,0,NA,NA,NA,NA,NA,NA,NA,NA,0,2020,2020,NA
"573","POSY",7,0,"7_262",1,3.322,2.596,2020,NA,2020,NA,NA,NA,NA,NA,NA,2021,0,NA,NA,NA,NA,NA,NA,NA,NA,0,2020,2020,NA
"574","POSY",7,0,"7_263",1,1.508,1.93,2019,NA,2018,NA,NA,NA,NA,NA,NA,2019,1,1,0,NA,NA,NA,NA,NA,NA,-1,2020,2020,NA
"575","POSY",7,0,"7_263",1,NA,NA,2019,NA,2019,1,0,NA,NA,NA,NA,2020,0,NA,NA,NA,NA,NA,NA,NA,NA,0,2020,2020,NA
"576","POSY",7,0,"7_263",1,3.465,2.551,2020,NA,2020,NA,NA,NA,NA,NA,NA,2021,0,NA,NA,NA,NA,NA,NA,NA,NA,0,2020,2020,NA
"577","POSY",7,0,"7_264",1,1.455,1.936,2019,NA,2018,NA,NA,NA,NA,NA,NA,2019,1,1,0,NA,NA,NA,NA,NA,NA,-1,2020,2020,NA
"578","POSY",7,0,"7_264",1,NA,NA,2019,NA,2019,1,0,NA,NA,NA,NA,2020,0,NA,NA,NA,NA,NA,NA,NA,NA,0,2020,2020,NA
"579","POSY",7,0,"7_264",1,3.552,2.479,2020,NA,2020,NA,NA,NA,NA,NA,NA,2021,0,NA,NA,NA,NA,NA,NA,NA,NA,0,2020,2020,NA
"580","POSY",7,0,"7_265",1,1.482,1.809,2019,NA,2018,NA,NA,NA,NA,NA,NA,2019,1,1,0,NA,NA,NA,NA,NA,NA,-1,2020,2020,NA
"581","POSY",7,0,"7_265",1,NA,NA,2019,NA,2019,1,0,NA,NA,NA,NA,2020,0,NA,NA,NA,NA,NA,NA,NA,NA,0,2020,2020,NA
"582","POSY",7,0,"7_265",1,3.498,2.558,2020,NA,2020,NA,NA,NA,NA,NA,NA,2021,0,NA,NA,NA,NA,NA,NA,NA,NA,0,2020,2020,NA
"583","POSY",12,1,"12_132",1,NA,NA,2013,NA,2019,NA,NA,NA,NA,NA,NA,2020,1,6,1,56,NA,NA,NA,NA,56,8,2013,2014,NA
"584","POSY",12,1,"12_132",1,NA,NA,2013,NA,2020,6,1,56,NA,NA,NA,2021,0,NA,NA,NA,NA,NA,NA,56,NA,9,2013,2014,NA
"585","POSY",12,1,"12_168",1,NA,NA,2013,NA,2018,NA,NA,NA,NA,NA,NA,2019,1,6,0,NA,NA,NA,NA,NA,NA,6,2013,2018,NA
"586","POSY",12,1,"12_168",1,NA,NA,2013,NA,2019,6,0,NA,NA,NA,NA,2020,0,NA,NA,NA,NA,NA,NA,NA,NA,7,2013,2018,NA
"587","POSY",20,1,"20_402",1,1.751,1.733,2013,NA,2018,6,2,23,39,NA,NA,2019,0,NA,NA,NA,NA,NA,NA,31,NA,4,2014,2019,NA
"588","POSY",20,1,"20_405",1,2.642,2.307,2013,NA,2018,5,0,NA,NA,NA,NA,2019,0,NA,NA,NA,NA,NA,NA,NA,NA,4,2014,2019,NA
"589","POSY",20,1,"20_408",1,2.832,3.082,2013,NA,2018,21,4,32,34,12,NA,2019,1,11,0,NA,NA,NA,NA,26,NA,4,2014,2021,NA
"590","POSY",20,1,"20_408",1,2.832,3.082,2013,NA,2019,11,0,NA,NA,NA,NA,2020,1,7,0,NA,NA,NA,NA,NA,NA,5,2014,2021,NA
"591","POSY",20,1,"20_408",1,2.832,3.082,2013,NA,2020,7,0,NA,NA,NA,NA,2021,0,NA,NA,NA,NA,NA,NA,NA,NA,6,2014,2021,NA
"592","POSY",20,1,"20_409",1,2.824,3.211,2013,NA,2018,19,0,NA,NA,NA,NA,2019,1,3,0,NA,NA,NA,NA,NA,NA,4,2014,Inf,NA
"593","POSY",20,1,"20_409",1,2.824,3.211,2013,NA,2019,3,0,NA,NA,NA,NA,2020,1,9,3,67,81,63,NA,NA,70.3333333333333,5,2014,Inf,NA
"594","POSY",20,1,"20_409",1,2.824,3.211,2013,NA,2020,9,3,67,81,63,NA,2021,1,10,2,53,69,NA,NA,70.3333333333333,61,6,2014,Inf,NA
"595","POSY",20,1,"20_409",1,2.841,3.181,2013,NA,2021,10,2,53,69,NA,NA,2022,1,15,5,71,63,68,NA,61,67.3333333333333,7,2014,Inf,NA
"596","POSY",20,1,"20_410",1,2.235,1.197,2013,NA,2018,1,0,NA,NA,NA,NA,2019,0,NA,NA,NA,NA,NA,NA,NA,NA,4,2014,2019,NA
"597","POSY",150,0,"150_306",1,1.881,1.971,2013,NA,2018,10,2,36,46,NA,NA,2019,1,3,0,NA,NA,NA,NA,41,NA,4,2014,2020,NA
"598","POSY",150,0,"150_306",1,1.881,1.971,2013,NA,2019,3,0,NA,NA,NA,NA,2020,0,NA,NA,NA,NA,NA,NA,NA,NA,5,2014,2020,NA
"599","POSY",14,0,"14_490",1,2.254,1.024,2018,NA,2018,1,0,NA,NA,NA,NA,2019,1,NA,NA,NA,NA,NA,NA,NA,NA,0,2020,2021,NA
"600","POSY",14,0,"14_490",1,2.254,1.024,2018,NA,2019,NA,NA,NA,NA,NA,NA,2020,1,1,0,NA,NA,NA,NA,NA,NA,-1,2020,2021,NA
"601","POSY",14,0,"14_490",1,2.035,2.674,2018,NA,2020,1,0,NA,NA,NA,NA,2021,0,NA,NA,NA,NA,NA,NA,NA,NA,0,2020,2021,NA
"602","POSY",14,0,"14_491",1,2.204,0.991,2018,NA,2018,1,0,NA,NA,NA,NA,2019,1,NA,NA,NA,NA,NA,NA,NA,NA,0,2020,2021,NA
"603","POSY",14,0,"14_491",1,2.204,0.991,2018,NA,2019,NA,NA,NA,NA,NA,NA,2020,1,1,0,NA,NA,NA,NA,NA,NA,-1,2020,2021,NA
"604","POSY",14,0,"14_491",1,1.883,1.281,2018,NA,2020,1,0,NA,NA,NA,NA,2021,0,NA,NA,NA,NA,NA,NA,NA,NA,0,2020,2021,NA
"605","POSY",14,0,"14_492",1,2.186,1.034,2018,NA,2018,1,0,NA,NA,NA,NA,2019,1,NA,NA,NA,NA,NA,NA,NA,NA,0,2020,2021,NA
"606","POSY",14,0,"14_492",1,2.186,1.034,2018,NA,2019,NA,NA,NA,NA,NA,NA,2020,1,1,0,NA,NA,NA,NA,NA,NA,-1,2020,2021,NA
"607","POSY",14,0,"14_492",1,1.704,1.092,2018,NA,2020,1,0,NA,NA,NA,NA,2021,0,NA,NA,NA,NA,NA,NA,NA,NA,0,2020,2021,NA
"608","POSY",14,0,"14_493",1,2.131,1.07,2018,NA,2018,1,0,NA,NA,NA,NA,2019,1,NA,NA,NA,NA,NA,NA,NA,NA,0,2020,2021,NA
"609","POSY",14,0,"14_493",1,2.131,1.07,2018,NA,2019,NA,NA,NA,NA,NA,NA,2020,1,1,0,NA,NA,NA,NA,NA,NA,-1,2020,2021,NA
"610","POSY",14,0,"14_493",1,1.715,1.06,2018,NA,2020,1,0,NA,NA,NA,NA,2021,0,NA,NA,NA,NA,NA,NA,NA,NA,0,2020,2021,NA
"611","POSY",14,0,"14_494",1,2.086,1.082,2018,NA,2018,1,0,NA,NA,NA,NA,2019,1,NA,NA,NA,NA,NA,NA,NA,NA,0,2020,2021,NA
"612","POSY",14,0,"14_494",1,2.086,1.082,2018,NA,2019,NA,NA,NA,NA,NA,NA,2020,1,1,0,NA,NA,NA,NA,NA,NA,-1,2020,2021,NA
"613","POSY",14,0,"14_494",1,1.631,1.04,2018,NA,2020,1,0,NA,NA,NA,NA,2021,0,NA,NA,NA,NA,NA,NA,NA,NA,0,2020,2021,NA
"614","POSY",14,0,"14_495",1,2.059,0.993,2018,NA,2018,1,0,NA,NA,NA,NA,2019,1,NA,NA,NA,NA,NA,NA,NA,NA,0,2020,2021,NA
"615","POSY",14,0,"14_495",1,2.059,0.993,2018,NA,2019,NA,NA,NA,NA,NA,NA,2020,1,1,0,NA,NA,NA,NA,NA,NA,-1,2020,2021,NA
"616","POSY",14,0,"14_495",1,2.059,0.993,2018,NA,2020,1,0,NA,NA,NA,NA,2021,0,NA,NA,NA,NA,NA,NA,NA,NA,0,2020,2021,NA
"617","POSY",14,0,"14_496",1,2.125,0.949,2018,NA,2018,1,0,NA,NA,NA,NA,2019,1,NA,NA,NA,NA,NA,NA,NA,NA,0,2020,2022,NA
"618","POSY",14,0,"14_496",1,2.125,0.949,2018,NA,2019,NA,NA,NA,NA,NA,NA,2020,1,1,0,NA,NA,NA,NA,NA,NA,-1,2020,2022,NA
"619","POSY",14,0,"14_496",1,1.792,0.896,2018,NA,2020,1,0,NA,NA,NA,NA,2021,1,1,0,NA,NA,NA,NA,NA,NA,0,2020,2022,NA
"620","POSY",14,0,"14_496",1,1.792,0.896,2018,NA,2021,1,0,NA,NA,NA,NA,2022,0,NA,NA,NA,NA,NA,NA,NA,NA,1,2020,2022,NA
"621","POSY",14,0,"14_497",1,2.081,0.913,2018,NA,2018,1,0,NA,NA,NA,NA,2019,1,NA,NA,NA,NA,NA,NA,NA,NA,0,2020,2021,NA
"622","POSY",14,0,"14_497",1,2.081,0.913,2018,NA,2019,NA,NA,NA,NA,NA,NA,2020,1,1,0,NA,NA,NA,NA,NA,NA,-1,2020,2021,NA
"623","POSY",14,0,"14_497",1,1.984,0.747,2018,NA,2020,1,0,NA,NA,NA,NA,2021,0,NA,NA,NA,NA,NA,NA,NA,NA,0,2020,2021,NA
